user_id,purchase_date,amount_usd
user_769,2025-06-14,2.57
user_769,2025-06-10,0.74
user_769,2025-06-10,6.03
user_769,2025-06-12,10.11
user_769,2025-06-28,2.5
user_769,2025-06-11,14.74
user_1850,2025-06-23,2.52
user_2656,2025-06-27,0.43
user_3595,2025-06-02,5.84
user_1521,2025-06-03,1.09
user_1521,2025-05-31,1.4
user_1521,2025-06-06,10.92
user_1521,2025-05-29,3.67
user_1521,2025-05-26,17.3
user_1521,2025-05-23,2.29
user_3705,2025-05-21,6.33
user_534,2025-06-17,1.76
user_534,2025-06-17,4.36
user_1340,2025-05-20,0.24
user_1340,2025-05-12,12.85
user_1340,2025-05-13,6.67
user_3721,2025-06-29,8.33
user_3721,2025-06-27,3.74
user_732,2025-06-23,3.07
user_368,2025-06-20,1.41
user_368,2025-06-20,4.56
user_1900,2025-05-18,3.96
user_481,2025-06-29,4.44
user_481,2025-06-21,2.11
user_2424,2025-05-26,7.05
user_4250,2025-05-06,2.27
user_4250,2025-05-07,1.21
user_4250,2025-05-08,7.98
user_2682,2025-06-16,8.2
user_285,2025-05-03,1.79
user_285,2025-05-10,5.54
user_285,2025-05-02,8.69
user_4564,2025-05-07,2.95
user_4564,2025-05-09,0.06
user_2120,2025-06-30,8.65
user_4176,2025-06-30,1.59
user_4176,2025-06-05,0.46
user_4176,2025-06-05,15.16
user_4176,2025-05-29,2.09
user_4176,2025-06-09,3.22
user_4176,2025-05-31,3.16
user_378,2025-06-12,0.76
user_378,2025-06-11,17.29
user_4636,2025-06-01,1.95
user_1693,2025-06-04,2.5
user_1693,2025-06-20,0.87
user_4960,2025-06-16,5.3
user_4960,2025-06-15,1.63
user_4891,2025-06-15,22.21
user_4891,2025-05-28,1.78
user_4325,2025-06-20,0.36
user_4325,2025-06-12,2.24
user_4325,2025-06-12,17.66
user_4325,2025-06-17,0.42
user_4325,2025-06-13,0.92
user_709,2025-05-12,1.14
user_709,2025-05-18,12.2
user_709,2025-05-13,0.08
user_2969,2025-06-11,0.51
user_1496,2025-05-19,15.17
user_1496,2025-05-11,0.36
user_1496,2025-05-07,12.56
user_1047,2025-06-21,1.15
user_1047,2025-06-09,11.37
user_1267,2025-06-13,4.53
user_1267,2025-06-09,1.72
user_1267,2025-06-06,5.19
user_3861,2025-07-01,3.76
user_4817,2025-06-18,4.06
user_4817,2025-06-20,14.9
user_4817,2025-06-21,9.11
user_921,2025-05-22,8.75
user_921,2025-06-16,11.5
user_541,2025-06-01,6.14
user_541,2025-06-07,18.74
user_3372,2025-06-22,0.72
user_142,2025-06-23,0.98
user_142,2025-06-26,0.61
user_2573,2025-06-16,3.6
user_2573,2025-06-14,12.68
user_2573,2025-06-02,4.34
user_3155,2025-06-07,2.99
user_3155,2025-06-15,1.14
user_409,2025-06-29,6.83
user_409,2025-06-28,0.78
user_2603,2025-06-30,7.58
user_2603,2025-06-30,1.1
user_832,2025-06-13,11.28
user_3280,2025-05-06,5.3
user_3280,2025-05-01,12.38
user_4970,2025-06-03,2.88
user_4970,2025-06-15,3.7
user_4970,2025-06-14,2.41
user_1718,2025-05-15,4.94
user_1718,2025-05-18,3.32
user_1718,2025-05-15,2.71
user_1718,2025-05-18,5.0
user_3743,2025-06-07,1.68
user_3743,2025-05-29,5.87
user_3743,2025-06-24,1.19
user_1291,2025-07-01,1.76
user_4141,2025-06-06,4.38
user_1793,2025-06-09,1.65
user_1793,2025-06-10,1.98
user_1793,2025-06-30,5.09
user_3056,2025-05-24,0.93
user_3056,2025-05-27,0.29
user_3056,2025-05-25,1.82
user_2612,2025-06-30,12.52
user_2870,2025-05-27,2.93
user_3069,2025-05-20,3.52
user_3069,2025-05-26,0.58
user_3069,2025-05-19,0.78
user_2308,2025-06-24,1.36
user_1301,2025-06-24,0.68
user_4683,2025-06-14,2.69
user_2837,2025-05-08,10.2
user_2837,2025-05-26,3.58
user_2837,2025-05-23,2.77
user_3084,2025-06-30,23.26
user_3084,2025-06-10,0.95
user_4044,2025-06-24,6.93
user_4044,2025-06-21,0.44
user_4044,2025-06-22,0.56
user_3388,2025-05-04,3.5
user_3388,2025-05-07,0.4
user_3388,2025-05-02,7.11
user_4439,2025-05-18,0.38
user_4439,2025-05-20,7.21
user_2822,2025-06-17,0.41
user_2822,2025-06-21,3.29
user_240,2025-06-26,4.86
user_3516,2025-06-01,7.46
user_407,2025-05-20,2.55
user_407,2025-05-22,7.48
user_407,2025-05-29,5.67
user_2328,2025-05-15,5.5
user_2328,2025-05-18,1.34
user_2328,2025-05-11,4.16
user_2628,2025-05-09,2.23
user_2408,2025-05-27,4.57
user_2408,2025-05-28,5.58
user_2408,2025-06-19,7.69
user_2408,2025-06-02,24.18
user_3757,2025-05-30,3.36
user_3757,2025-06-11,2.41
user_585,2025-05-21,23.01
user_585,2025-05-14,15.15
user_3195,2025-05-09,3.15
user_3195,2025-05-13,4.63
user_4128,2025-06-11,6.87
user_4128,2025-06-14,7.55
user_4128,2025-06-14,5.25
user_4128,2025-06-07,1.76
user_2090,2025-06-06,0.26
user_2090,2025-06-07,15.3
user_2090,2025-06-08,0.05
user_2090,2025-06-23,6.47
user_3954,2025-06-26,1.57
user_739,2025-05-26,5.66
user_739,2025-06-04,0.84
user_804,2025-06-28,1.9
user_4429,2025-06-04,0.89
user_3969,2025-06-27,0.51
user_1208,2025-05-06,5.73
user_1526,2025-05-13,0.09
user_1526,2025-05-29,2.83
user_1526,2025-05-17,0.19
user_1526,2025-05-16,0.64
user_24,2025-05-29,2.08
user_24,2025-06-09,1.15
user_24,2025-05-27,6.34
user_24,2025-05-28,4.05
user_24,2025-05-29,0.02
user_24,2025-05-25,12.21
user_4504,2025-06-08,2.11
user_4504,2025-06-03,3.62
user_647,2025-05-20,5.5
user_4664,2025-06-12,1.38
user_4664,2025-06-07,0.75
user_2526,2025-07-01,3.69
user_2526,2025-06-14,4.86
user_2526,2025-06-16,1.44
user_3332,2025-07-01,5.08
user_917,2025-06-13,0.62
user_917,2025-06-06,0.14
user_4815,2025-05-26,2.36
user_4815,2025-06-01,0.94
user_1232,2025-06-08,16.23
user_1232,2025-06-08,1.8
user_3730,2025-05-23,1.54
user_4811,2025-05-20,0.48
user_4811,2025-05-13,5.67
user_2705,2025-05-11,2.21
user_387,2025-06-14,1.41
user_387,2025-06-09,5.28
user_387,2025-06-09,13.16
user_22,2025-06-24,0.09
user_22,2025-06-24,3.49
user_1661,2025-06-24,0.79
user_1265,2025-06-14,1.31
user_1265,2025-06-21,0.07
user_1511,2025-06-09,5.64
user_3836,2025-05-28,6.47
user_3836,2025-05-23,4.76
user_3836,2025-05-20,6.64
user_1240,2025-06-07,1.68
user_750,2025-06-05,0.46
user_3036,2025-06-05,14.84
user_3036,2025-06-06,1.84
user_3036,2025-06-08,2.11
user_3036,2025-06-10,15.31
user_557,2025-06-23,0.98
user_557,2025-06-25,4.83
user_4272,2025-05-26,18.47
user_2017,2025-05-18,30.01
user_3741,2025-05-13,0.66
user_2611,2025-05-24,21.42
user_4162,2025-06-17,11.95
user_4162,2025-06-20,1.08
user_4010,2025-05-14,5.35
user_4010,2025-05-28,10.15
user_4531,2025-06-07,2.55
user_2574,2025-06-22,6.34
user_3339,2025-05-13,0.19
user_3243,2025-06-10,0.31
user_3243,2025-06-08,8.69
user_4926,2025-06-17,2.27
user_4926,2025-06-17,7.53
user_3968,2025-05-31,1.18
user_3968,2025-06-08,2.26
user_3968,2025-05-28,6.79
user_4400,2025-06-17,6.66
user_4400,2025-06-07,5.11
user_4400,2025-06-07,0.49
user_4400,2025-05-29,5.41
user_4400,2025-05-28,14.94
user_473,2025-05-31,4.07
user_473,2025-05-30,2.42
user_473,2025-06-09,7.75
user_473,2025-06-05,0.36
user_1323,2025-05-15,8.63
user_4229,2025-05-17,0.08
user_693,2025-06-02,2.62
user_2246,2025-06-24,7.23
user_2246,2025-06-23,1.41
user_2246,2025-06-20,18.67
user_4746,2025-06-30,11.05
user_4746,2025-06-28,2.16
user_335,2025-05-28,6.53
user_2045,2025-06-19,8.57
user_2045,2025-06-23,20.61
user_2045,2025-06-20,1.13
user_4479,2025-06-16,1.48
user_4479,2025-06-10,7.48
user_4479,2025-06-15,11.31
user_3647,2025-05-10,1.17
user_3647,2025-05-07,0.4
user_1080,2025-05-28,7.35
user_2950,2025-05-31,3.86
user_2950,2025-05-23,1.3
user_2950,2025-05-30,0.3
user_4916,2025-06-05,11.46
user_4916,2025-05-14,7.96
user_4916,2025-05-16,5.64
user_4916,2025-05-15,0.79
user_4916,2025-05-20,0.52
user_4389,2025-05-25,5.46
user_4389,2025-06-06,5.44
user_1552,2025-05-11,0.75
user_1552,2025-05-14,5.65
user_4309,2025-06-13,0.94
user_3682,2025-06-03,33.41
user_2351,2025-06-12,11.9
user_2351,2025-06-12,6.61
user_4407,2025-06-22,1.28
user_1193,2025-05-09,0.55
user_1193,2025-05-09,4.89
user_2244,2025-07-01,0.58
user_638,2025-06-01,18.8
user_1452,2025-06-20,9.46
user_1452,2025-06-20,4.59
user_2864,2025-06-10,6.39
user_440,2025-06-20,0.83
user_440,2025-06-22,8.41
user_1565,2025-05-26,3.56
user_1565,2025-05-28,0.43
user_1565,2025-05-31,1.67
user_2233,2025-05-26,2.6
user_2233,2025-05-26,3.78
user_2233,2025-05-26,12.1
user_2233,2025-06-23,0.68
user_817,2025-05-22,0.85
user_817,2025-05-16,6.98
user_858,2025-05-07,3.85
user_3950,2025-06-28,4.85
user_341,2025-06-08,2.76
user_341,2025-06-09,2.57
user_341,2025-06-10,5.48
user_545,2025-05-25,6.9
user_545,2025-05-27,3.61
user_2882,2025-05-23,0.88
user_2882,2025-05-28,0.66
user_2882,2025-05-21,3.51
user_1993,2025-05-14,0.62
user_1993,2025-05-18,2.0
user_1993,2025-05-21,3.8
user_1993,2025-05-20,0.56
user_1993,2025-05-22,9.51
user_1993,2025-05-18,1.34
user_1430,2025-06-14,5.83
user_1430,2025-06-07,13.79
user_1863,2025-06-17,4.49
user_1863,2025-06-06,6.1
user_1863,2025-06-10,4.23
user_1832,2025-06-09,4.94
user_1832,2025-06-12,1.99
user_4387,2025-05-25,1.14
user_2865,2025-06-04,7.44
user_2865,2025-05-27,0.34
user_2865,2025-05-23,11.54
user_3495,2025-05-21,7.06
user_1368,2025-06-13,3.53
user_1368,2025-06-06,8.04
user_1202,2025-05-16,6.41
user_1202,2025-05-23,1.56
user_1202,2025-05-18,0.44
user_4289,2025-06-04,0.66
user_4289,2025-07-01,1.88
user_4289,2025-06-24,5.74
user_4289,2025-06-01,3.93
user_4289,2025-05-30,3.98
user_4289,2025-05-30,10.01
user_3897,2025-05-13,1.55
user_3897,2025-05-21,1.87
user_3837,2025-06-20,2.95
user_3837,2025-06-12,0.33
user_3837,2025-06-15,1.02
user_3837,2025-06-17,1.14
user_3837,2025-06-14,7.32
user_3837,2025-06-21,0.43
user_2435,2025-06-24,3.3
user_2435,2025-06-22,16.08
user_2435,2025-06-18,0.33
user_3046,2025-06-24,1.81
user_3046,2025-06-26,3.49
user_3046,2025-06-27,0.21
user_2035,2025-06-02,2.13
user_2035,2025-05-20,9.63
user_2035,2025-05-22,6.65
user_3956,2025-05-04,16.1
user_3956,2025-05-28,1.31
user_3507,2025-05-21,0.98
user_3507,2025-05-31,2.31
user_3507,2025-06-02,8.49
user_3507,2025-05-27,4.33
user_4699,2025-06-05,8.98
user_4699,2025-06-04,3.91
user_4699,2025-06-09,4.6
user_4699,2025-06-02,2.76
user_4699,2025-06-01,1.4
user_2900,2025-05-12,3.32
user_2900,2025-05-12,5.3
user_2900,2025-05-11,2.47
user_2900,2025-05-31,4.13
user_2900,2025-05-18,2.2
user_4935,2025-06-10,1.28
user_4935,2025-06-14,0.51
user_2367,2025-06-30,8.78
user_2367,2025-06-26,2.29
user_2367,2025-06-25,0.74
user_3086,2025-06-23,0.68
user_185,2025-05-27,2.44
user_4686,2025-05-28,6.11
user_4613,2025-06-02,12.14
user_4613,2025-06-17,3.87
user_1956,2025-06-17,0.34
user_1956,2025-06-15,2.56
user_1956,2025-06-18,0.25
user_1956,2025-06-18,9.72
user_3005,2025-06-22,7.49
user_4320,2025-06-07,0.12
user_4320,2025-06-08,2.74
user_3720,2025-06-11,6.21
user_1132,2025-05-24,9.14
user_1132,2025-05-25,0.23
user_458,2025-06-16,15.18
user_458,2025-06-10,4.67
user_3633,2025-06-20,6.67
user_3633,2025-06-28,5.95
user_3828,2025-06-30,1.75
user_3828,2025-06-29,9.77
user_931,2025-06-23,1.41
user_3295,2025-05-10,8.69
user_3295,2025-05-17,2.38
user_1166,2025-05-21,2.96
user_2716,2025-06-27,1.79
user_3438,2025-06-16,7.77
user_3438,2025-06-16,2.38
user_1992,2025-05-17,4.11
user_1992,2025-05-19,1.42
user_1992,2025-06-14,23.22
user_3913,2025-06-06,1.29
user_3913,2025-06-06,1.49
user_3913,2025-06-03,19.18
user_4887,2025-05-23,1.02
user_3189,2025-06-11,1.67
user_3189,2025-05-31,1.94
user_4617,2025-06-13,22.76
user_4617,2025-06-28,2.44
user_4617,2025-06-28,1.02
user_404,2025-05-31,3.38
user_404,2025-06-15,7.12
user_404,2025-05-30,6.82
user_404,2025-06-04,1.57
user_404,2025-06-10,11.59
user_404,2025-06-01,0.05
user_4173,2025-05-28,5.71
user_1348,2025-05-12,6.33
user_1348,2025-05-12,2.24
user_456,2025-05-21,0.74
user_456,2025-05-25,3.14
user_74,2025-05-30,3.22
user_3091,2025-06-19,1.5
user_3469,2025-06-22,8.73
user_3469,2025-06-24,0.36
user_3469,2025-06-26,0.79
user_399,2025-06-19,1.19
user_399,2025-06-26,22.09
user_399,2025-06-24,1.27
user_399,2025-06-28,9.87
user_1487,2025-06-24,2.51
user_1487,2025-06-19,1.94
user_1487,2025-06-22,3.94
user_1487,2025-06-22,0.18
user_1862,2025-05-13,8.47
user_1862,2025-05-20,2.83
user_1862,2025-05-11,2.28
user_1862,2025-05-21,0.18
user_4690,2025-05-28,10.97
user_4690,2025-05-30,13.03
user_4690,2025-06-01,15.74
user_4690,2025-06-12,5.39
user_2640,2025-06-17,9.21
user_2640,2025-06-26,4.5
user_2640,2025-06-11,1.68
user_2640,2025-06-12,1.86
user_2556,2025-05-27,4.95
user_2556,2025-05-23,0.18
user_2556,2025-05-25,1.45
user_1120,2025-05-10,1.74
user_1120,2025-05-11,9.24
user_1120,2025-05-17,0.17
user_4551,2025-05-23,11.19
user_4551,2025-05-21,0.25
user_2980,2025-05-13,4.53
user_2980,2025-05-13,4.03
user_933,2025-06-29,10.95
user_2430,2025-06-23,2.47
user_4089,2025-06-05,1.58
user_4089,2025-06-01,1.37
user_1613,2025-06-23,0.06
user_3030,2025-06-08,4.54
user_3030,2025-05-30,0.45
user_3030,2025-06-05,1.17
user_1456,2025-05-18,2.67
user_1456,2025-05-28,3.37
user_2062,2025-05-11,0.22
user_2062,2025-05-02,0.97
user_2062,2025-05-02,7.26
user_856,2025-06-23,3.22
user_856,2025-06-30,0.21
user_520,2025-06-09,3.53
user_298,2025-06-13,5.16
user_298,2025-07-01,15.27
user_1243,2025-05-26,4.87
user_1243,2025-05-27,1.34
user_1243,2025-05-27,2.66
user_2347,2025-06-10,6.48
user_2347,2025-06-15,10.75
user_2347,2025-06-12,0.82
user_2347,2025-06-14,1.41
user_3190,2025-05-24,7.4
user_3190,2025-05-25,8.27
user_3190,2025-05-21,0.95
user_3190,2025-06-03,0.51
user_753,2025-05-28,2.25
user_1536,2025-07-01,19.23
user_4210,2025-06-12,2.5
user_4571,2025-05-27,13.84
user_4571,2025-05-18,2.66
user_929,2025-06-04,1.39
user_929,2025-06-18,12.11
user_3692,2025-05-29,5.33
user_3692,2025-06-11,0.13
user_3692,2025-05-27,11.04
user_3135,2025-06-09,2.0
user_3135,2025-06-16,13.15
user_3345,2025-05-20,0.73
user_3345,2025-05-14,2.29
user_3345,2025-05-12,4.05
user_3345,2025-05-09,1.28
user_3345,2025-05-17,8.81
user_3345,2025-05-10,3.2
user_4950,2025-06-13,0.74
user_2843,2025-05-26,0.83
user_2843,2025-05-28,0.56
user_2843,2025-05-25,3.4
user_2843,2025-05-29,9.78
user_2843,2025-05-26,17.36
user_2843,2025-05-26,8.05
user_2843,2025-06-04,2.71
user_1555,2025-06-03,0.89
user_4890,2025-06-15,2.39
user_2715,2025-05-31,2.86
user_2715,2025-06-01,0.55
user_2518,2025-07-01,2.44
user_2103,2025-06-27,4.74
user_2103,2025-06-13,2.52
user_2103,2025-06-14,3.41
user_2103,2025-06-03,1.52
user_4482,2025-06-24,3.07
user_4482,2025-06-08,0.18
user_4482,2025-06-08,10.35
user_4482,2025-06-08,10.04
user_3022,2025-06-28,17.55
user_3022,2025-06-27,2.15
user_3022,2025-06-27,12.89
user_3022,2025-06-28,8.55
user_564,2025-06-09,1.7
user_564,2025-06-16,4.04
user_564,2025-06-13,11.89
user_564,2025-06-20,12.19
user_564,2025-06-06,12.29
user_4099,2025-06-09,15.29
user_4078,2025-06-18,0.31
user_4078,2025-06-13,0.51
user_4078,2025-06-23,6.53
user_4078,2025-06-11,26.26
user_2919,2025-06-20,2.33
user_3658,2025-06-27,3.63
user_3658,2025-06-24,0.38
user_4016,2025-06-22,2.79
user_4016,2025-06-22,0.72
user_4016,2025-06-25,2.0
user_3855,2025-06-12,2.22
user_1528,2025-05-16,2.32
user_4262,2025-06-22,2.26
user_850,2025-05-20,17.06
user_1612,2025-05-11,1.55
user_1612,2025-05-06,3.76
user_4483,2025-05-27,17.02
user_4483,2025-05-15,0.84
user_1731,2025-06-25,3.73
user_1731,2025-06-27,0.15
user_2265,2025-05-05,1.58
user_859,2025-06-12,3.49
user_1145,2025-05-17,0.14
user_3751,2025-06-29,2.1
user_4996,2025-06-15,2.28
user_4996,2025-05-26,11.13
user_4996,2025-06-06,1.57
user_4996,2025-05-27,14.72
user_2222,2025-06-21,1.26
user_2222,2025-05-17,21.21
user_2314,2025-05-19,6.77
user_2314,2025-05-21,11.81
user_2314,2025-05-19,0.44
user_437,2025-06-14,10.04
user_4415,2025-05-14,2.76
user_4415,2025-05-14,1.4
user_2626,2025-06-07,1.76
user_2626,2025-06-12,4.85
user_4192,2025-05-31,4.29
user_1966,2025-05-21,0.4
user_1966,2025-05-23,6.0
user_1966,2025-05-25,0.25
user_1966,2025-05-31,0.55
user_1966,2025-05-21,1.65
user_1966,2025-05-21,4.01
user_2362,2025-05-28,0.06
user_2362,2025-06-02,3.94
user_3957,2025-06-18,2.71
user_2034,2025-05-18,14.59
user_4058,2025-06-26,3.37
user_3597,2025-06-24,11.57
user_3597,2025-06-25,3.91
user_3597,2025-06-25,10.42
user_4958,2025-06-29,4.58
user_593,2025-05-22,6.16
user_2684,2025-05-22,5.67
user_2704,2025-06-14,3.01
user_2704,2025-06-18,7.23
user_2704,2025-06-12,7.69
user_3170,2025-05-16,5.21
user_4012,2025-05-23,1.75
user_1440,2025-05-02,8.91
user_1440,2025-05-16,2.53
user_1440,2025-05-07,1.47
user_1440,2025-05-04,19.46
user_1440,2025-05-04,17.8
user_1614,2025-06-05,12.07
user_1614,2025-06-08,0.37
user_103,2025-06-05,5.79
user_103,2025-06-16,16.36
user_103,2025-06-11,0.78
user_103,2025-06-07,4.02
user_103,2025-06-07,3.88
user_79,2025-06-30,1.58
user_3265,2025-06-10,5.81
user_286,2025-05-09,2.29
user_286,2025-05-11,2.76
user_286,2025-05-05,2.17
user_286,2025-05-07,0.12
user_1003,2025-05-28,3.21
user_1003,2025-06-01,0.69
user_2988,2025-05-09,1.53
user_2604,2025-05-31,1.55
user_2604,2025-05-27,6.91
user_2604,2025-05-29,0.31
user_2604,2025-06-12,7.26
user_2604,2025-06-05,20.97
user_4409,2025-05-24,3.72
user_4409,2025-05-24,1.16
user_146,2025-06-05,3.23
user_146,2025-06-18,3.43
user_146,2025-06-08,0.15
user_4559,2025-06-28,5.37
user_4488,2025-05-24,9.15
user_4488,2025-05-17,14.43
user_2530,2025-05-08,2.53
user_2530,2025-05-13,1.99
user_2059,2025-06-14,5.35
user_2059,2025-06-10,0.57
user_2059,2025-06-19,1.45
user_4509,2025-06-27,4.24
user_2829,2025-05-15,11.69
user_2829,2025-05-19,6.85
user_363,2025-06-27,2.77
user_2913,2025-06-08,7.82
user_2913,2025-05-30,6.25
user_2913,2025-05-30,1.96
user_4925,2025-05-05,4.46
user_4925,2025-05-05,0.93
user_3880,2025-06-12,6.41
user_3880,2025-06-11,4.02
user_1082,2025-06-19,0.74
user_1082,2025-06-09,8.32
user_1082,2025-06-14,6.1
user_1513,2025-05-28,0.83
user_1513,2025-05-26,0.27
user_2080,2025-05-15,12.38
user_2080,2025-06-04,0.05
user_3201,2025-05-24,8.1
user_3201,2025-05-22,3.99
user_3201,2025-05-19,6.59
user_3201,2025-05-15,9.45
user_3201,2025-05-17,7.94
user_3201,2025-05-15,5.53
user_3201,2025-05-31,1.22
user_4025,2025-06-05,1.52
user_4852,2025-06-25,0.29
user_4352,2025-05-10,2.17
user_4352,2025-05-11,3.86
user_4352,2025-05-07,8.76
user_4352,2025-05-07,15.58
user_2144,2025-05-21,0.08
user_2144,2025-06-23,3.02
user_2144,2025-05-20,5.02
user_646,2025-05-17,4.68
user_646,2025-05-12,7.34
user_646,2025-05-15,13.27
user_1107,2025-05-08,3.46
user_1107,2025-05-11,4.31
user_1107,2025-05-11,0.87
user_452,2025-05-14,0.67
user_452,2025-05-13,4.78
user_452,2025-05-08,5.61
user_452,2025-05-05,3.04
user_1653,2025-05-31,1.66
user_1653,2025-05-30,2.28
user_1653,2025-06-17,3.35
user_3678,2025-05-23,0.03
user_3678,2025-05-26,20.77
user_4268,2025-05-19,2.77
user_4268,2025-05-19,3.34
user_4268,2025-05-31,1.24
user_4268,2025-05-19,11.9
user_4268,2025-05-14,3.57
user_238,2025-06-12,34.93
user_238,2025-06-06,1.18
user_238,2025-06-02,1.8
user_2912,2025-06-23,7.66
user_2912,2025-06-25,9.72
user_2912,2025-06-25,1.54
user_3380,2025-05-22,0.78
user_3380,2025-05-16,5.59
user_4133,2025-05-29,0.12
user_4133,2025-06-06,4.09
user_4133,2025-05-27,7.36
user_691,2025-06-10,0.13
user_4082,2025-05-12,1.31
user_4082,2025-05-18,2.13
user_4997,2025-05-23,0.2
user_4997,2025-05-24,2.14
user_1268,2025-05-08,1.52
user_1268,2025-05-14,0.16
user_1268,2025-05-16,8.98
user_1667,2025-06-21,8.72
user_1667,2025-06-19,10.95
user_4092,2025-06-09,3.55
user_4092,2025-06-13,1.25
user_4092,2025-06-14,1.02
user_4092,2025-06-12,0.87
user_1133,2025-06-25,2.39
user_1133,2025-06-26,4.41
user_1133,2025-06-30,6.82
user_1133,2025-06-25,12.28
user_896,2025-06-29,2.37
user_617,2025-06-16,2.12
user_617,2025-06-15,1.35
user_617,2025-06-27,3.36
user_617,2025-06-17,0.2
user_617,2025-06-16,4.78
user_106,2025-06-26,0.94
user_106,2025-06-26,2.89
user_391,2025-06-23,0.46
user_391,2025-06-20,9.58
user_2697,2025-05-21,2.99
user_2697,2025-06-02,14.82
user_2697,2025-05-26,0.15
user_4180,2025-06-09,9.93
user_4180,2025-06-02,0.81
user_4180,2025-06-02,2.71
user_527,2025-05-07,0.38
user_527,2025-05-17,2.57
user_3163,2025-06-02,3.98
user_3163,2025-06-10,2.33
user_3163,2025-06-15,1.06
user_1763,2025-06-07,10.16
user_1763,2025-06-15,3.57
user_1763,2025-06-17,0.92
user_1763,2025-06-11,19.04
user_3735,2025-07-01,1.74
user_3926,2025-05-11,1.24
user_3926,2025-05-10,2.87
user_4596,2025-05-29,2.11
user_4596,2025-05-31,6.71
user_4596,2025-05-31,1.32
user_2821,2025-05-29,9.82
user_2821,2025-06-07,2.55
user_2821,2025-05-26,7.83
user_2821,2025-05-30,2.02
user_2821,2025-06-05,1.44
user_3758,2025-05-19,2.42
user_1902,2025-05-29,11.11
user_1463,2025-06-01,7.61
user_3528,2025-05-10,28.52
user_3528,2025-05-20,1.48
user_3528,2025-05-16,1.64
user_902,2025-06-24,3.46
user_510,2025-06-05,0.18
user_510,2025-06-08,1.93
user_510,2025-06-05,1.41
user_510,2025-06-02,7.12
user_510,2025-06-06,12.53
user_1588,2025-06-12,2.39
user_1588,2025-06-10,11.92
user_1588,2025-06-13,6.61
user_1588,2025-06-14,0.84
user_2350,2025-06-24,8.5
user_2350,2025-06-25,4.34
user_4332,2025-06-18,0.09
user_4660,2025-06-18,10.72
user_4660,2025-06-21,4.0
user_3464,2025-06-12,3.23
user_3464,2025-06-17,5.47
user_3464,2025-06-08,0.27
user_3464,2025-06-04,2.0
user_3464,2025-06-12,21.0
user_1944,2025-06-27,2.44
user_1944,2025-06-23,0.02
user_3366,2025-06-10,2.77
user_3366,2025-06-05,2.68
user_3120,2025-05-11,1.04
user_3120,2025-05-14,0.29
user_4584,2025-05-22,0.07
user_4584,2025-05-16,8.66
user_4584,2025-05-31,1.6
user_885,2025-05-30,8.04
user_885,2025-06-12,6.06
user_1615,2025-06-04,1.22
user_4335,2025-06-09,0.65
user_4335,2025-06-01,11.09
user_4722,2025-05-17,0.25
user_4722,2025-05-30,1.36
user_4722,2025-05-21,1.68
user_4123,2025-06-01,8.03
user_4123,2025-05-31,4.84
user_4123,2025-06-07,2.31
user_4123,2025-06-07,0.32
user_4847,2025-06-21,2.15
user_4847,2025-06-18,3.2
user_4847,2025-06-18,3.16
user_1185,2025-05-30,17.95
user_1185,2025-05-31,5.43
user_1185,2025-05-30,8.32
user_1185,2025-06-04,1.58
user_4403,2025-05-19,13.2
user_3937,2025-05-18,1.51
user_488,2025-06-02,9.99
user_488,2025-05-20,3.58
user_488,2025-05-19,3.13
user_488,2025-06-04,5.65
user_4203,2025-06-02,0.04
user_4203,2025-06-12,6.74
user_4203,2025-06-03,7.71
user_4121,2025-06-22,19.44
user_852,2025-06-17,3.0
user_4485,2025-06-15,0.29
user_4485,2025-06-17,1.77
user_703,2025-06-10,1.83
user_703,2025-06-18,7.25
user_3404,2025-05-29,2.94
user_3404,2025-05-26,0.56
user_4698,2025-06-23,2.22
user_4698,2025-06-22,0.82
user_4698,2025-06-25,8.5
user_4698,2025-06-26,0.41
user_1443,2025-06-24,4.11
user_3685,2025-06-21,2.63
user_3685,2025-06-17,4.02
user_3685,2025-06-21,2.83
user_3119,2025-06-30,1.69
user_4278,2025-05-24,14.63
user_4278,2025-06-13,11.36
user_4278,2025-06-06,8.73
user_4011,2025-06-09,1.43
user_4011,2025-05-26,0.85
user_4301,2025-06-16,7.09
user_4981,2025-06-06,1.82
user_4981,2025-06-05,3.64
user_4888,2025-05-16,6.31
user_4888,2025-05-26,30.08
user_2113,2025-06-26,20.62
user_2113,2025-06-25,1.21
user_2113,2025-06-29,2.7
user_2113,2025-06-22,1.02
user_4547,2025-06-28,1.28
user_2976,2025-05-05,6.86
user_2976,2025-05-09,4.25
user_2976,2025-05-25,0.34
user_2976,2025-05-13,18.39
user_2976,2025-05-07,0.44
user_2976,2025-05-21,3.36
user_2976,2025-05-08,0.11
user_1457,2025-06-18,1.54
user_1457,2025-06-18,3.84
user_4460,2025-05-30,3.41
user_4460,2025-05-22,2.89
user_4220,2025-05-09,5.35
user_4220,2025-05-17,10.64
user_4220,2025-05-13,2.54
user_4799,2025-06-05,0.58
user_4718,2025-07-01,0.74
user_1547,2025-06-14,2.22
user_1547,2025-06-11,5.2
user_1547,2025-06-13,14.31
user_3542,2025-06-20,5.53
user_3542,2025-06-20,1.69
user_2820,2025-05-08,3.38
user_2820,2025-05-13,4.41
user_2299,2025-06-05,3.94
user_2299,2025-06-13,0.13
user_2299,2025-06-06,1.59
user_3600,2025-06-11,4.39
user_3600,2025-05-13,3.66
user_3600,2025-05-21,5.84
user_2673,2025-06-19,4.67
user_2673,2025-06-08,6.84
user_2673,2025-06-14,4.14
user_2673,2025-06-08,5.57
user_1001,2025-05-16,1.5
user_1001,2025-05-20,10.89
user_1001,2025-05-16,7.84
user_1044,2025-07-01,1.56
user_2646,2025-05-14,12.24
user_2646,2025-05-09,1.69
user_2646,2025-05-10,2.38
user_2739,2025-05-10,8.35
user_2739,2025-05-10,0.67
user_4398,2025-05-09,5.29
user_4398,2025-05-15,11.12
user_4398,2025-05-09,1.08
user_4398,2025-05-10,4.54
user_4398,2025-05-07,1.82
user_4995,2025-07-01,4.98
user_618,2025-06-15,1.41
user_618,2025-06-22,2.69
user_1110,2025-05-20,10.24
user_1110,2025-05-12,1.46
user_1110,2025-06-08,4.43
user_1110,2025-05-20,11.61
user_1110,2025-06-07,5.09
user_1428,2025-07-01,10.11
user_1428,2025-06-23,3.01
user_2695,2025-05-10,0.21
user_2695,2025-05-10,11.84
user_2052,2025-06-27,7.33
user_2232,2025-06-22,1.16
user_2232,2025-06-18,1.16
user_2232,2025-06-22,22.32
user_2232,2025-06-20,3.13
user_85,2025-06-15,10.1
user_85,2025-06-13,0.18
user_1791,2025-06-30,4.15
user_1791,2025-06-16,1.52
user_1791,2025-06-14,11.92
user_4159,2025-05-12,0.04
user_431,2025-06-20,17.9
user_431,2025-06-27,2.28
user_4127,2025-06-02,3.65
user_4127,2025-06-06,3.38
user_4989,2025-06-28,6.75
user_684,2025-06-02,0.18
user_684,2025-05-30,2.42
user_684,2025-05-30,8.15
user_684,2025-06-07,0.41
user_3548,2025-05-11,4.1
user_3548,2025-05-14,1.37
user_4493,2025-06-26,4.1
user_4493,2025-06-25,0.36
user_4493,2025-06-18,4.18
user_2483,2025-05-18,1.17
user_2483,2025-05-29,4.97
user_2483,2025-06-22,10.65
user_118,2025-05-29,6.21
user_118,2025-05-18,0.49
user_118,2025-05-19,4.25
user_118,2025-05-18,26.54
user_4039,2025-05-05,4.04
user_4039,2025-05-09,27.81
user_4039,2025-05-05,3.37
user_4486,2025-05-20,0.69
user_4486,2025-05-21,2.22
user_1435,2025-05-29,7.93
user_1435,2025-05-27,1.68
user_2167,2025-06-06,13.93
user_2002,2025-06-12,1.14
user_2002,2025-06-15,7.46
user_1726,2025-06-13,20.28
user_1726,2025-06-11,5.66
user_1726,2025-06-25,9.13
user_2933,2025-06-14,0.24
user_2933,2025-06-14,8.4
user_2933,2025-06-28,10.04
user_1664,2025-05-10,0.64
user_1664,2025-05-05,4.54
user_3875,2025-06-11,0.22
user_3875,2025-06-05,3.33
user_3875,2025-06-26,0.37
user_44,2025-06-03,7.37
user_899,2025-06-30,1.39
user_899,2025-06-30,0.87
user_3619,2025-06-16,0.33
user_3619,2025-05-30,10.84
user_4752,2025-06-17,12.99
user_1104,2025-06-11,3.93
user_1104,2025-06-25,16.38
user_1814,2025-06-10,1.89
user_3186,2025-06-15,0.17
user_3186,2025-06-15,0.7
user_3186,2025-06-17,3.41
user_4691,2025-06-12,0.92
user_4691,2025-06-11,0.57
user_4691,2025-06-25,6.28
user_4691,2025-06-17,1.95
user_3453,2025-05-31,5.14
user_3453,2025-06-18,5.79
user_4386,2025-06-25,1.92
user_4049,2025-05-30,13.26
user_4049,2025-05-24,3.26
user_1529,2025-06-21,3.17
user_1529,2025-06-19,0.4
user_1529,2025-06-10,3.68
user_552,2025-05-25,0.7
user_3902,2025-06-07,5.52
user_3902,2025-06-19,5.57
user_771,2025-05-18,9.07
user_771,2025-05-20,1.68
user_63,2025-05-18,7.76
user_1593,2025-05-29,5.42
user_1593,2025-05-24,1.2
user_1593,2025-05-11,7.83
user_1593,2025-05-14,1.75
user_764,2025-07-01,2.97
user_764,2025-06-29,2.25
user_947,2025-06-08,6.83
user_714,2025-06-27,2.44
user_4055,2025-05-14,11.79
user_4055,2025-05-22,9.89
user_4055,2025-05-06,5.58
user_4055,2025-06-03,4.79
user_4055,2025-05-10,16.3
user_4055,2025-05-27,0.36
user_4642,2025-05-12,2.01
user_4642,2025-05-08,10.55
user_4642,2025-05-03,2.94
user_4642,2025-05-02,6.84
user_4642,2025-05-03,2.58
user_1662,2025-06-21,9.13
user_1662,2025-06-18,2.42
user_1662,2025-06-22,2.79
user_1662,2025-06-20,6.32
user_696,2025-06-23,17.25
user_696,2025-06-20,0.05
user_696,2025-06-26,10.17
user_696,2025-06-24,20.09
user_4361,2025-05-20,5.19
user_4361,2025-05-11,28.19
user_2583,2025-06-29,18.01
user_2583,2025-06-30,7.4
user_3938,2025-05-10,0.48
user_3938,2025-05-07,11.44
user_3344,2025-05-24,6.48
user_3344,2025-06-10,6.91
user_3344,2025-05-21,2.92
user_1336,2025-05-23,3.64
user_1336,2025-05-20,1.57
user_671,2025-06-29,7.02
user_671,2025-07-01,6.04
user_671,2025-06-28,4.03
user_671,2025-06-28,0.07
user_2555,2025-05-15,12.83
user_2555,2025-05-22,1.95
user_2555,2025-05-12,1.33
user_4784,2025-05-07,8.4
user_2905,2025-05-21,4.39
user_2905,2025-05-29,11.2
user_1407,2025-06-15,1.43
user_1407,2025-06-06,0.01
user_940,2025-05-18,0.63
user_2197,2025-05-22,5.34
user_2197,2025-05-19,1.15
user_2197,2025-05-14,3.52
user_2197,2025-05-15,4.15
user_2197,2025-05-16,1.14
user_2197,2025-05-14,0.79
user_3860,2025-05-29,1.78
user_3860,2025-06-12,14.84
user_4700,2025-06-23,10.48
user_4700,2025-06-14,11.05
user_4700,2025-06-11,1.03
user_4700,2025-06-12,2.17
user_4900,2025-06-28,10.96
user_2724,2025-06-20,0.98
user_1752,2025-05-26,5.74
user_1752,2025-05-24,0.55
user_279,2025-06-13,2.73
user_279,2025-06-07,0.54
user_279,2025-06-08,4.67
user_2975,2025-05-16,1.2
user_1152,2025-06-30,0.68
user_1719,2025-06-01,5.1
user_1628,2025-06-21,2.37
user_134,2025-05-10,2.88
user_1623,2025-05-21,4.75
user_1623,2025-05-25,10.47
user_1623,2025-06-01,8.1
user_3733,2025-06-16,2.37
user_3733,2025-06-17,1.64
user_3509,2025-06-20,6.58
user_3509,2025-06-22,7.26
user_386,2025-06-28,0.34
user_4236,2025-06-25,11.13
user_4236,2025-06-23,0.33
user_1987,2025-06-22,5.78
user_1987,2025-06-06,8.82
user_1987,2025-06-07,7.47
user_4601,2025-06-05,1.48
user_3321,2025-06-29,3.74
user_1760,2025-05-20,8.3
user_1760,2025-05-25,4.43
user_1760,2025-06-09,0.91
user_1760,2025-05-29,0.99
user_1760,2025-06-01,0.69
user_1977,2025-05-17,12.05
user_1977,2025-05-19,2.5
user_855,2025-05-25,0.67
user_855,2025-05-24,6.19
user_326,2025-06-05,3.84
user_1293,2025-06-01,10.79
user_2977,2025-06-01,18.86
user_4816,2025-06-01,0.47
user_4816,2025-05-30,5.99
user_4816,2025-06-10,3.01
user_4816,2025-06-07,7.67
user_4816,2025-05-28,5.62
user_4816,2025-06-08,1.7
user_4499,2025-06-22,1.9
user_3824,2025-06-15,8.47
user_3824,2025-06-19,1.39
user_1722,2025-06-14,0.32
user_1722,2025-06-20,0.35
user_383,2025-05-21,0.03
user_383,2025-05-22,6.5
user_383,2025-05-29,0.0
user_3679,2025-06-17,1.53
user_2300,2025-06-21,2.02
user_2300,2025-06-19,16.59
user_2087,2025-05-14,3.87
user_3442,2025-05-14,1.5
user_3442,2025-05-20,2.86
user_3442,2025-05-31,2.67
user_3442,2025-05-21,11.42
user_3442,2025-05-14,3.79
user_2648,2025-06-28,0.14
user_441,2025-06-25,0.03
user_3127,2025-05-14,0.93
user_3127,2025-05-12,1.65
user_1608,2025-05-26,2.62
user_1608,2025-06-07,8.38
user_477,2025-06-02,1.5
user_477,2025-06-08,6.57
user_477,2025-06-03,2.62
user_1787,2025-05-14,3.06
user_1787,2025-05-16,0.71
user_1787,2025-06-02,2.39
user_4069,2025-05-19,6.83
user_4069,2025-05-10,6.15
user_2053,2025-06-13,12.54
user_4882,2025-06-24,1.7
user_2274,2025-06-03,0.05
user_2274,2025-05-31,1.5
user_2274,2025-05-31,0.74
user_2596,2025-05-08,1.3
user_2596,2025-05-10,5.19
user_4952,2025-05-14,1.92
user_4952,2025-05-04,6.04
user_443,2025-06-19,5.46
user_443,2025-05-28,6.3
user_443,2025-06-05,0.32
user_2488,2025-06-03,12.15
user_2541,2025-05-22,6.78
user_4148,2025-06-12,1.78
user_4148,2025-06-08,14.67
user_1857,2025-05-28,0.93
user_1857,2025-05-27,3.61
user_1857,2025-06-01,2.88
user_1857,2025-06-07,3.71
user_1857,2025-05-29,5.08
user_3642,2025-06-12,5.35
user_3642,2025-06-15,6.25
user_1749,2025-05-05,3.25
user_1749,2025-05-01,6.5
user_2994,2025-06-28,7.48
user_2994,2025-06-27,1.14
user_2994,2025-06-27,5.64
user_3333,2025-05-14,3.08
user_3333,2025-05-14,3.75
user_3333,2025-05-25,0.48
user_4296,2025-06-30,1.69
user_4296,2025-07-01,10.43
user_3698,2025-05-18,1.89
user_3698,2025-05-26,7.33
user_53,2025-06-23,11.47
user_4464,2025-06-12,6.09
user_4464,2025-06-12,6.66
user_1269,2025-06-28,1.75
user_1269,2025-06-21,1.71
user_1269,2025-06-21,4.49
user_2902,2025-06-26,9.91
user_2902,2025-06-28,10.44
user_1073,2025-06-24,1.4
user_3771,2025-06-15,12.43
user_3771,2025-06-19,6.05
user_3771,2025-06-05,2.38
user_3771,2025-06-02,4.82
user_3771,2025-06-09,1.74
user_3771,2025-06-04,3.11
user_615,2025-06-23,8.57
user_615,2025-06-23,2.74
user_615,2025-06-19,18.99
user_1637,2025-05-10,3.14
user_3488,2025-06-19,10.95
user_3488,2025-06-12,5.79
user_3488,2025-06-16,3.24
user_4313,2025-06-02,11.49
user_620,2025-05-04,3.42
user_620,2025-05-06,5.91
user_229,2025-05-31,3.38
user_229,2025-06-01,1.28
user_4874,2025-05-16,2.63
user_4874,2025-06-02,0.16
user_4874,2025-05-20,28.9
user_4874,2025-05-18,14.23
user_3242,2025-06-13,1.02
user_1137,2025-06-24,0.29
user_1741,2025-06-17,0.35
user_1741,2025-06-19,0.46
user_1741,2025-06-23,0.18
user_973,2025-05-31,3.11
user_973,2025-05-31,8.64
user_1393,2025-06-10,11.81
user_1393,2025-06-04,0.9
user_547,2025-06-22,4.76
user_547,2025-06-25,3.3
user_547,2025-06-22,4.06
user_1762,2025-06-13,5.05
user_1762,2025-06-09,8.52
user_2737,2025-05-21,4.68
user_2737,2025-05-14,1.86
user_2737,2025-05-21,2.8
user_3598,2025-06-10,10.75
user_2572,2025-06-29,17.99
user_416,2025-05-10,3.55
user_416,2025-05-06,6.66
user_416,2025-05-26,10.52
user_416,2025-05-10,6.97
user_166,2025-06-11,6.46
user_166,2025-06-11,4.72
user_3218,2025-05-22,0.15
user_3843,2025-05-29,1.73
user_3843,2025-06-03,1.21
user_3226,2025-05-11,5.58
user_3226,2025-05-05,1.04
user_3226,2025-05-28,6.34
user_4966,2025-07-01,1.93
user_241,2025-05-29,2.33
user_241,2025-06-10,4.02
user_241,2025-06-04,2.43
user_3160,2025-05-24,8.02
user_3160,2025-05-18,3.11
user_1892,2025-06-08,9.59
user_872,2025-05-14,6.43
user_872,2025-05-15,10.97
user_595,2025-06-28,0.33
user_2948,2025-05-16,3.89
user_2948,2025-05-24,2.16
user_381,2025-05-16,11.78
user_1714,2025-06-29,1.83
user_1714,2025-06-03,11.55
user_1714,2025-06-23,4.83
user_2756,2025-05-12,5.0
user_4572,2025-06-11,3.25
user_2327,2025-06-08,14.41
user_2327,2025-06-07,1.2
user_2327,2025-06-06,5.23
user_2327,2025-05-29,7.85
user_589,2025-06-13,3.49
user_589,2025-05-31,1.94
user_589,2025-05-31,5.0
user_2247,2025-05-31,17.06
user_2247,2025-06-02,1.66
user_2247,2025-06-04,15.57
user_3312,2025-05-18,1.38
user_3312,2025-05-18,5.43
user_3312,2025-05-21,7.77
user_3094,2025-06-15,1.84
user_3094,2025-06-02,11.02
user_3094,2025-05-31,1.51
user_565,2025-06-06,6.2
user_565,2025-06-05,3.45
user_1231,2025-06-24,3.54
user_1231,2025-06-29,0.09
user_1231,2025-06-27,2.16
user_4954,2025-05-25,4.12
user_4242,2025-05-11,0.09
user_484,2025-06-29,0.51
user_484,2025-06-02,4.8
user_484,2025-06-09,8.38
user_257,2025-06-26,6.14
user_257,2025-06-19,1.26
user_4850,2025-06-14,11.75
user_4850,2025-06-23,3.2
user_2363,2025-05-05,33.12
user_4030,2025-06-24,5.07
user_4030,2025-06-13,14.94
user_524,2025-05-19,15.1
user_4503,2025-06-24,10.68
user_4503,2025-06-19,8.44
user_2447,2025-05-18,5.83
user_436,2025-06-05,1.09
user_2372,2025-05-18,13.79
user_2372,2025-05-16,10.89
user_2372,2025-05-18,8.16
user_1971,2025-05-16,0.49
user_1971,2025-05-17,1.45
user_4838,2025-05-20,1.79
user_4838,2025-05-29,8.14
user_1116,2025-05-28,6.12
user_3568,2025-06-02,0.24
user_3568,2025-06-09,0.18
user_3568,2025-05-25,1.8
user_1352,2025-05-15,0.71
user_1654,2025-06-02,10.79
user_1654,2025-06-08,2.48
user_1654,2025-06-04,0.14
user_824,2025-06-23,4.92
user_824,2025-06-12,1.23
user_824,2025-06-16,6.62
user_897,2025-06-29,9.66
user_3856,2025-06-22,0.3
user_3856,2025-06-15,3.35
user_3856,2025-06-13,1.12
user_3856,2025-06-09,11.16
user_984,2025-05-13,12.58
user_4284,2025-06-27,0.33
user_516,2025-05-30,1.34
user_516,2025-06-16,3.26
user_516,2025-05-30,5.22
user_2401,2025-06-22,1.3
user_2401,2025-06-17,13.29
user_2401,2025-06-15,0.93
user_4411,2025-05-28,9.26
user_4411,2025-06-04,6.49
user_1425,2025-06-15,0.11
user_1425,2025-06-14,6.24
user_3097,2025-06-02,4.42
user_3097,2025-06-05,6.73
user_577,2025-06-21,9.47
user_61,2025-06-15,9.47
user_61,2025-06-16,2.83
user_2354,2025-06-22,2.35
user_2354,2025-06-21,2.96
user_2354,2025-06-22,3.01
user_2354,2025-06-26,5.31
user_2354,2025-06-24,2.08
user_3744,2025-05-15,2.86
user_3907,2025-06-27,3.32
user_3907,2025-06-27,3.99
user_3308,2025-05-14,10.81
user_3308,2025-06-03,3.75
user_2923,2025-06-19,12.33
user_2923,2025-06-05,0.6
user_1027,2025-05-27,0.56
user_4506,2025-06-05,3.05
user_4506,2025-05-26,2.13
user_2436,2025-06-28,4.45
user_2436,2025-06-26,0.21
user_487,2025-06-09,4.17
user_487,2025-05-08,1.83
user_487,2025-05-03,0.06
user_487,2025-05-12,6.7
user_487,2025-05-09,9.56
user_2816,2025-06-15,8.23
user_2816,2025-06-15,0.06
user_2816,2025-06-12,2.21
user_1830,2025-05-06,7.68
user_1830,2025-05-08,16.2
user_151,2025-06-27,2.73
user_4252,2025-05-28,0.73
user_4252,2025-05-29,0.74
user_722,2025-06-13,1.87
user_722,2025-05-30,4.78
user_722,2025-06-09,7.69
user_722,2025-05-31,7.4
user_1502,2025-05-19,1.29
user_1502,2025-05-09,3.67
user_932,2025-06-26,7.09
user_92,2025-06-30,2.3
user_4083,2025-05-17,4.17
user_3936,2025-05-29,1.7
user_3936,2025-05-24,3.93
user_3936,2025-05-24,23.29
user_190,2025-06-13,7.74
user_190,2025-06-12,0.88
user_190,2025-06-15,5.45
user_4606,2025-06-24,5.88
user_4606,2025-06-22,8.8
user_2903,2025-05-15,7.29
user_2903,2025-05-15,6.66
user_2903,2025-05-18,0.17
user_2768,2025-06-14,5.49
user_2768,2025-06-10,3.6
user_2768,2025-06-22,7.11
user_2768,2025-05-30,14.38
user_2768,2025-06-04,3.08
user_3611,2025-06-23,1.27
user_2160,2025-06-10,3.73
user_2160,2025-06-06,13.7
user_2160,2025-06-15,4.74
user_2160,2025-06-06,0.31
user_2160,2025-06-06,2.38
user_2160,2025-06-06,0.95
user_4160,2025-05-08,5.8
user_4160,2025-05-02,3.34
user_1717,2025-06-01,3.55
user_1717,2025-05-29,2.47
user_3313,2025-06-13,6.68
user_3313,2025-06-08,7.39
user_3313,2025-06-06,5.45
user_211,2025-06-05,13.26
user_4419,2025-05-26,5.61
user_4419,2025-05-22,2.2
user_4419,2025-05-23,2.06
user_2623,2025-06-20,1.02
user_2315,2025-06-20,0.76
user_2777,2025-06-24,7.98
user_2192,2025-05-27,1.34
user_2192,2025-05-22,8.77
user_2192,2025-05-25,2.27
user_2192,2025-05-28,9.31
user_4607,2025-06-28,2.83
user_2970,2025-06-10,4.3
user_985,2025-05-11,1.09
user_985,2025-05-14,2.4
user_2049,2025-06-23,10.21
user_2049,2025-06-18,1.19
user_2049,2025-06-17,2.61
user_2049,2025-06-15,4.79
user_2049,2025-06-13,2.79
user_1509,2025-06-01,0.96
user_1509,2025-06-03,3.48
user_1509,2025-05-26,3.73
user_4466,2025-06-23,0.62
user_4466,2025-06-28,0.72
user_4466,2025-06-29,4.48
user_1961,2025-05-16,6.67
user_1961,2025-05-16,6.2
user_14,2025-05-13,8.42
user_14,2025-06-18,15.61
user_14,2025-05-20,16.58
user_14,2025-05-24,8.04
user_14,2025-05-20,10.93
user_3412,2025-06-22,7.69
user_3412,2025-06-18,6.67
user_3412,2025-06-21,5.21
user_3412,2025-06-16,3.76
user_4834,2025-05-15,7.98
user_4834,2025-05-13,2.97
user_4834,2025-05-16,18.89
user_4834,2025-05-20,8.62
user_4873,2025-06-26,1.49
user_3053,2025-06-03,4.05
user_3053,2025-06-08,5.43
user_2202,2025-06-26,14.29
user_3883,2025-06-19,16.71
user_3883,2025-06-05,7.71
user_3883,2025-06-11,11.9
user_192,2025-05-15,2.38
user_192,2025-05-21,8.26
user_3526,2025-05-18,0.88
user_3526,2025-05-21,17.45
user_823,2025-05-31,2.92
user_823,2025-06-04,2.06
user_802,2025-05-25,2.67
user_3790,2025-05-28,2.32
user_4743,2025-06-03,3.18
user_4743,2025-06-09,9.79
user_4790,2025-06-01,7.25
user_4790,2025-05-27,1.5
user_4790,2025-05-30,0.78
user_52,2025-06-29,3.9
user_949,2025-05-08,1.69
user_949,2025-05-08,1.61
user_949,2025-05-13,2.54
user_311,2025-05-27,1.95
user_311,2025-05-24,1.97
user_311,2025-06-02,2.88
user_4878,2025-05-29,4.01
user_4878,2025-05-29,3.83
user_3847,2025-06-05,1.0
user_3847,2025-05-28,10.64
user_3579,2025-05-26,1.23
user_2039,2025-06-29,3.78
user_2039,2025-06-28,0.34
user_2039,2025-06-28,9.18
user_1324,2025-05-22,4.31
user_1324,2025-05-14,2.25
user_1324,2025-05-31,14.56
user_1324,2025-05-19,7.9
user_3878,2025-05-30,4.4
user_3878,2025-05-27,1.44
user_3878,2025-05-31,0.01
user_2896,2025-06-04,3.47
user_905,2025-06-21,1.06
user_905,2025-06-16,8.08
user_4029,2025-06-21,13.57
user_4029,2025-06-11,1.36
user_4029,2025-06-29,3.24
user_4182,2025-06-04,2.94
user_4182,2025-06-04,28.16
user_4182,2025-06-08,1.13
user_2808,2025-05-31,1.46
user_2808,2025-05-13,2.93
user_2808,2025-05-20,1.3
user_1571,2025-06-27,3.21
user_1571,2025-06-26,0.7
user_3113,2025-06-19,1.75
user_3113,2025-06-19,10.14
user_3113,2025-06-11,3.06
user_1367,2025-05-03,0.81
user_1367,2025-05-08,21.21
user_1367,2025-05-04,25.74
user_3772,2025-06-28,0.15
user_3772,2025-06-29,8.7
user_3765,2025-06-16,2.91
user_3765,2025-06-26,1.37
user_3765,2025-06-24,15.48
user_2575,2025-06-18,8.39
user_2575,2025-06-16,1.92
user_2575,2025-06-15,2.84
user_2575,2025-06-23,18.24
user_2575,2025-06-18,6.38
user_2575,2025-06-27,9.05
user_3476,2025-05-30,0.58
user_3476,2025-05-19,1.35
user_3476,2025-05-21,3.84
user_3476,2025-05-19,4.74
user_3624,2025-06-05,0.56
user_3624,2025-06-11,8.43
user_3080,2025-05-03,0.08
user_3080,2025-05-08,2.71
user_3080,2025-05-24,13.13
user_4687,2025-06-20,4.56
user_4155,2025-05-20,0.37
user_4155,2025-05-24,15.97
user_4155,2025-06-03,3.35
user_871,2025-06-04,7.16
user_871,2025-06-06,6.89
user_871,2025-05-28,14.43
user_871,2025-06-01,2.15
user_871,2025-05-27,2.69
user_4621,2025-06-10,5.03
user_4621,2025-06-11,5.64
user_808,2025-05-23,1.89
user_808,2025-06-04,6.42
user_128,2025-06-13,2.54
user_128,2025-06-17,5.86
user_128,2025-06-12,5.46
user_128,2025-06-10,1.82
user_990,2025-06-20,5.01
user_990,2025-06-19,0.62
user_4189,2025-07-01,0.03
user_4189,2025-06-27,3.68
user_2141,2025-06-13,16.65
user_2141,2025-06-13,5.53
user_2141,2025-06-19,8.94
user_2506,2025-07-01,10.3
user_2506,2025-06-28,3.05
user_2266,2025-06-02,5.99
user_2266,2025-06-23,3.96
user_2266,2025-06-13,0.45
user_2266,2025-06-06,16.15
user_2266,2025-06-10,0.21
user_2266,2025-06-02,5.78
user_3510,2025-05-30,4.07
user_3510,2025-05-30,2.58
user_3510,2025-06-13,3.24
user_3510,2025-06-09,7.13
user_2490,2025-06-05,3.67
user_2490,2025-06-25,0.14
user_2490,2025-06-07,5.77
user_2490,2025-06-03,4.75
user_3873,2025-05-26,5.31
user_3873,2025-06-03,0.94
user_3524,2025-06-17,5.91
user_2395,2025-05-20,3.43
user_4615,2025-05-26,2.2
user_4615,2025-05-03,4.25
user_4615,2025-05-05,3.36
user_2578,2025-06-04,0.23
user_1164,2025-05-20,8.68
user_176,2025-07-01,1.6
user_4444,2025-06-30,4.65
user_2106,2025-06-24,6.85
user_879,2025-05-26,0.51
user_879,2025-05-17,11.8
user_879,2025-05-24,1.67
user_879,2025-05-15,0.18
user_2089,2025-06-30,0.54
user_4602,2025-06-15,5.17
user_2471,2025-05-23,1.63
user_2471,2025-05-20,1.71
user_3635,2025-05-21,12.34
user_2714,2025-05-29,2.51
user_2714,2025-05-25,5.56
user_3384,2025-05-27,0.23
user_3384,2025-05-25,3.24
user_2208,2025-06-24,0.63
user_27,2025-06-11,11.97
user_1444,2025-06-09,3.48
user_1444,2025-06-24,5.69
user_944,2025-06-10,6.58
user_720,2025-05-14,1.58
user_720,2025-05-10,4.33
user_720,2025-05-11,1.8
user_720,2025-05-16,0.37
user_1103,2025-06-27,12.31
user_2273,2025-06-12,8.36
user_2273,2025-06-10,7.96
user_317,2025-05-13,2.23
user_1633,2025-06-01,8.16
user_1915,2025-06-23,9.9
user_1915,2025-06-21,0.44
user_2922,2025-06-15,0.04
user_1853,2025-06-23,2.55
user_1853,2025-06-23,0.42
user_970,2025-05-13,1.0
user_970,2025-05-24,7.84
user_970,2025-05-21,2.15
user_656,2025-07-01,2.71
user_4026,2025-05-24,6.73
user_4026,2025-05-15,0.36
user_3623,2025-05-28,2.61
user_155,2025-05-07,4.6
user_1732,2025-06-18,4.69
user_4306,2025-06-26,7.5
user_4306,2025-06-25,0.78
user_787,2025-05-13,0.14
user_787,2025-05-15,13.69
user_787,2025-05-18,3.57
user_4448,2025-06-11,7.64
user_4448,2025-06-15,1.09
user_4448,2025-06-13,10.91
user_415,2025-06-10,15.27
user_1887,2025-05-23,6.01
user_1887,2025-05-30,8.68
user_1887,2025-05-22,2.48
user_3583,2025-06-11,1.63
user_3583,2025-06-11,0.15
user_3583,2025-06-13,0.86
user_439,2025-06-26,6.66
user_439,2025-06-15,0.22
user_439,2025-06-27,9.11
user_439,2025-06-22,10.19
user_2790,2025-06-28,9.54
user_2790,2025-06-21,0.57
user_2021,2025-06-14,0.58
user_2021,2025-06-19,8.26
user_2021,2025-06-21,8.95
user_2021,2025-06-18,9.36
user_2021,2025-06-27,1.36
user_1747,2025-05-18,1.08
user_1747,2025-05-18,1.09
user_1747,2025-05-18,12.94
user_1747,2025-06-20,13.33
user_1699,2025-06-19,0.04
user_1699,2025-05-27,1.19
user_4648,2025-05-12,1.36
user_4648,2025-05-12,4.9
user_1631,2025-06-30,3.45
user_1631,2025-07-01,11.58
user_1708,2025-05-03,0.45
user_1708,2025-05-25,7.61
user_357,2025-05-10,0.43
user_2778,2025-06-11,2.46
user_71,2025-06-24,7.39
user_2217,2025-06-28,3.66
user_2217,2025-06-14,3.78
user_1833,2025-06-08,8.95
user_1833,2025-06-10,5.41
user_1417,2025-05-27,0.73
user_1417,2025-06-04,5.4
user_1417,2025-05-29,3.34
user_1417,2025-05-25,5.35
user_1417,2025-05-28,5.04
user_1477,2025-05-25,16.45
user_1477,2025-05-15,6.76
user_1477,2025-05-03,2.36
user_4576,2025-06-12,8.22
user_4576,2025-06-15,4.49
user_4576,2025-06-10,1.67
user_4576,2025-06-10,3.08
user_4576,2025-06-13,20.4
user_680,2025-05-17,1.12
user_4404,2025-06-15,4.93
user_4404,2025-06-19,1.86
user_3286,2025-06-21,3.15
user_907,2025-06-01,4.87
user_907,2025-06-09,1.52
user_907,2025-06-05,2.45
user_907,2025-06-03,3.21
user_800,2025-06-11,19.61
user_800,2025-06-06,0.17
user_4477,2025-06-20,3.97
user_4477,2025-06-23,0.25
user_4549,2025-05-02,0.4
user_2187,2025-05-11,11.73
user_2187,2025-05-13,0.11
user_2187,2025-05-12,0.27
user_1981,2025-06-08,9.43
user_1981,2025-06-13,5.38
user_1981,2025-05-29,0.48
user_909,2025-07-01,3.94
user_909,2025-07-01,4.37
user_2698,2025-05-19,35.28
user_2698,2025-05-26,5.06
user_2698,2025-05-18,3.6
user_1878,2025-06-11,2.68
user_1878,2025-06-03,15.22
user_1878,2025-06-02,5.4
user_3953,2025-06-07,0.37
user_3953,2025-06-11,0.06
user_3953,2025-06-08,1.29
user_3953,2025-06-06,5.81
user_3953,2025-06-04,12.51
user_1622,2025-06-29,6.83
user_120,2025-06-24,8.0
user_120,2025-06-22,3.84
user_120,2025-06-30,2.63
user_605,2025-06-26,14.01
user_3737,2025-06-21,5.63
user_3737,2025-06-19,5.96
user_1706,2025-06-16,6.28
user_1706,2025-06-30,24.03
user_1706,2025-06-17,15.94
user_2047,2025-07-01,3.3
user_2908,2025-06-20,0.14
user_2908,2025-06-17,5.63
user_2908,2025-06-22,22.88
user_2908,2025-06-23,13.3
user_4508,2025-05-29,0.48
user_4508,2025-05-29,12.45
user_4508,2025-06-09,7.74
user_2025,2025-05-15,2.48
user_2025,2025-05-04,6.86
user_2441,2025-06-25,10.52
user_2441,2025-06-23,5.47
user_3019,2025-05-27,2.79
user_3019,2025-05-11,5.39
user_658,2025-06-17,7.16
user_658,2025-06-06,3.61
user_1466,2025-06-21,1.27
user_1466,2025-06-08,0.04
user_1466,2025-06-08,0.23
user_1466,2025-06-15,3.47
user_1466,2025-06-10,1.01
user_23,2025-05-24,2.89
user_23,2025-05-15,7.91
user_3149,2025-05-25,2.97
user_3149,2025-05-24,8.83
user_2451,2025-05-31,0.39
user_2451,2025-06-06,0.77
user_2451,2025-06-07,2.25
user_2451,2025-06-01,1.29
user_2451,2025-05-30,9.21
user_3779,2025-06-15,12.13
user_4779,2025-06-19,2.6
user_4779,2025-06-29,1.43
user_4779,2025-06-09,0.88
user_4779,2025-06-07,1.52
user_2417,2025-05-29,0.11
user_2417,2025-05-25,21.52
user_2417,2025-05-27,8.01
user_2417,2025-05-27,9.32
user_2417,2025-05-31,1.3
user_4047,2025-06-24,2.16
user_4047,2025-06-14,3.02
user_4047,2025-06-08,22.53
user_4316,2025-05-30,3.63
user_4316,2025-05-28,0.5
user_4316,2025-06-04,1.76
user_300,2025-06-12,4.11
user_300,2025-06-16,4.5
user_3689,2025-06-09,4.4
user_3689,2025-06-12,6.9
user_3470,2025-05-15,1.74
user_3470,2025-05-18,6.22
user_3470,2025-06-11,11.86
user_3101,2025-06-07,13.96
user_3101,2025-06-08,4.33
user_3101,2025-06-10,1.55
user_3101,2025-06-15,11.44
user_3101,2025-06-09,1.88
user_3101,2025-06-11,1.46
user_3101,2025-06-11,5.13
user_3141,2025-06-07,3.54
user_2496,2025-05-24,2.35
user_2496,2025-06-06,11.27
user_2496,2025-05-18,5.51
user_538,2025-06-27,4.56
user_538,2025-06-22,3.97
user_538,2025-06-21,4.22
user_2910,2025-05-06,3.22
user_3482,2025-06-12,1.76
user_3482,2025-06-06,6.29
user_3482,2025-06-09,3.4
user_1533,2025-06-03,2.12
user_4901,2025-05-18,2.43
user_4901,2025-05-19,2.81
user_2003,2025-06-13,6.34
user_3808,2025-06-16,5.43
user_875,2025-06-17,9.38
user_875,2025-06-22,2.42
user_2497,2025-06-21,0.05
user_2497,2025-06-23,1.54
user_2608,2025-06-23,3.16
user_2608,2025-06-03,5.02
user_869,2025-06-27,1.16
user_259,2025-05-24,2.49
user_259,2025-05-25,11.34
user_259,2025-06-01,7.6
user_259,2025-06-15,4.62
user_2269,2025-05-27,6.42
user_2269,2025-06-08,6.09
user_2269,2025-06-04,8.55
user_2139,2025-06-30,9.89
user_2139,2025-06-30,0.81
user_2139,2025-06-30,6.63
user_2495,2025-06-03,9.54
user_2495,2025-06-03,6.01
user_498,2025-06-24,2.84
user_498,2025-06-19,0.03
user_498,2025-06-20,0.13
user_498,2025-06-24,0.95
user_4106,2025-06-02,0.85
user_4106,2025-06-11,4.85
user_4106,2025-06-02,1.27
user_4106,2025-06-02,6.1
user_2997,2025-05-06,6.03
user_2997,2025-05-09,11.62
user_3587,2025-06-07,1.56
user_3587,2025-06-06,4.54
user_3587,2025-06-08,1.18
user_3588,2025-06-28,4.7
user_4665,2025-06-17,3.24
user_4665,2025-06-26,16.44
user_4665,2025-06-19,7.4
user_4665,2025-06-26,3.91
user_4665,2025-06-25,18.01
user_4665,2025-06-20,3.29
user_4665,2025-06-19,5.72
user_3385,2025-05-18,10.22
user_3128,2025-06-20,0.08
user_2687,2025-06-25,6.28
user_821,2025-06-09,4.72
user_821,2025-07-01,4.12
user_821,2025-06-04,2.69
user_4530,2025-05-25,5.93
user_4102,2025-06-18,3.32
user_4102,2025-06-17,14.08
user_4102,2025-06-25,1.69
user_4102,2025-06-20,0.9
user_4102,2025-06-18,0.21
user_4803,2025-06-05,14.86
user_4803,2025-06-02,3.43
user_3297,2025-06-07,0.65
user_3297,2025-06-09,0.17
user_3393,2025-06-12,1.22
user_3393,2025-07-01,2.63
user_3529,2025-06-14,0.48
user_1172,2025-06-19,16.84
user_1172,2025-06-23,5.11
user_1172,2025-06-20,1.57
user_4458,2025-06-05,8.0
user_4458,2025-06-20,1.64
user_857,2025-05-25,3.62
user_857,2025-06-03,0.21
user_857,2025-05-21,8.01
user_1835,2025-06-21,17.33
user_435,2025-06-17,2.86
user_435,2025-06-16,5.94
user_3177,2025-05-26,3.41
user_3177,2025-06-10,0.0
user_3098,2025-06-14,2.85
user_3653,2025-06-14,3.85
user_3653,2025-06-12,4.15
user_2373,2025-06-11,0.06
user_3852,2025-06-02,6.56
user_3852,2025-06-03,0.25
user_3852,2025-05-31,0.35
user_227,2025-06-23,2.85
user_227,2025-06-13,0.61
user_227,2025-06-18,2.08
user_227,2025-06-13,6.39
user_2561,2025-06-21,0.16
user_2561,2025-06-22,3.78
user_2561,2025-06-22,0.53
user_2561,2025-07-01,4.21
user_2561,2025-06-23,2.39
user_2561,2025-06-26,4.23
user_2262,2025-05-29,6.44
user_2262,2025-06-10,2.26
user_393,2025-06-06,6.36
user_2286,2025-06-13,4.91
user_3405,2025-05-27,3.17
user_3405,2025-06-17,0.06
user_1703,2025-05-22,9.98
user_1703,2025-05-15,0.6
user_1278,2025-06-29,9.89
user_1278,2025-06-30,1.95
user_1278,2025-06-30,3.48
user_1311,2025-05-08,3.32
user_1311,2025-05-13,6.79
user_1311,2025-05-11,1.38
user_1311,2025-05-14,10.2
user_2963,2025-06-10,9.72
user_2963,2025-06-01,38.16
user_2963,2025-06-01,2.26
user_2963,2025-06-02,1.0
user_4343,2025-07-01,8.33
user_4343,2025-06-25,14.74
user_4343,2025-06-19,0.93
user_4343,2025-06-18,1.34
user_1638,2025-05-06,8.99
user_1638,2025-05-05,4.34
user_1638,2025-05-05,1.26
user_1638,2025-05-02,12.89
user_3659,2025-05-11,0.67
user_3659,2025-05-24,6.66
user_3659,2025-06-04,0.19
user_1681,2025-05-16,1.36
user_1681,2025-05-12,2.13
user_1681,2025-05-11,0.8
user_2619,2025-06-11,6.48
user_2619,2025-06-06,3.44
user_2619,2025-06-10,2.83
user_2619,2025-06-05,17.59
user_1422,2025-06-27,3.34
user_529,2025-06-12,3.69
user_3486,2025-06-29,0.62
user_3486,2025-06-30,1.21
user_4013,2025-06-11,1.73
user_562,2025-06-29,1.99
user_3228,2025-06-28,4.28
user_1609,2025-06-10,9.46
user_1359,2025-05-26,15.8
user_3304,2025-05-22,0.36
user_3304,2025-05-23,3.47
user_3304,2025-05-17,3.83
user_4773,2025-06-14,5.96
user_4773,2025-06-10,10.78
user_4773,2025-06-09,0.11
user_2961,2025-06-23,8.63
user_3803,2025-06-21,0.61
user_1335,2025-05-24,1.98
user_1335,2025-05-24,8.68
user_4271,2025-06-21,5.51
user_4271,2025-06-21,2.39
user_4271,2025-06-18,4.15
user_4271,2025-06-23,12.55
user_4271,2025-06-18,3.88
user_1598,2025-06-04,1.77
user_1598,2025-05-28,14.69
user_1598,2025-06-03,1.9
user_2569,2025-05-31,10.86
user_798,2025-06-28,1.98
user_798,2025-06-23,8.93
user_798,2025-06-27,3.33
user_2236,2025-06-12,10.15
user_2236,2025-06-12,1.71
user_2236,2025-06-06,2.07
user_4639,2025-05-12,3.29
user_4639,2025-05-19,12.19
user_4639,2025-05-10,0.42
user_4639,2025-05-04,7.62
user_2479,2025-05-24,0.47
user_2479,2025-06-12,0.41
user_2479,2025-05-31,6.37
user_1235,2025-06-15,1.4
user_1235,2025-06-29,4.42
user_1235,2025-06-12,6.16
user_2826,2025-05-25,0.58
user_2826,2025-06-01,1.44
user_2826,2025-05-19,0.34
user_4043,2025-06-18,4.46
user_4043,2025-06-19,2.78
user_1606,2025-06-20,15.61
user_1606,2025-06-20,3.26
user_4478,2025-06-30,0.32
user_4478,2025-06-28,6.56
user_1532,2025-06-07,3.4
user_3375,2025-06-06,0.94
user_1226,2025-06-11,4.34
user_1226,2025-06-10,0.51
user_1226,2025-06-20,3.26
user_971,2025-05-29,2.44
user_3306,2025-06-01,11.22
user_3306,2025-06-13,10.62
user_3306,2025-06-05,2.05
user_3306,2025-06-21,6.09
user_3888,2025-05-16,0.39
user_939,2025-05-12,0.67
user_704,2025-05-12,2.32
user_2176,2025-05-15,2.54
user_2176,2025-05-19,4.71
user_2176,2025-05-23,3.06
user_3584,2025-05-22,0.29
user_3403,2025-05-16,3.28
user_1845,2025-07-01,7.58
user_1841,2025-05-17,1.28
user_1841,2025-05-23,0.52
user_1841,2025-05-22,13.07
user_1841,2025-05-23,11.84
user_1841,2025-05-19,0.17
user_4273,2025-06-09,2.67
user_4273,2025-06-18,3.24
user_4273,2025-06-28,0.53
user_4273,2025-06-18,0.17
user_4273,2025-06-13,8.89
user_4273,2025-06-22,3.14
user_2681,2025-06-09,7.79
user_4823,2025-06-24,1.29
user_4823,2025-07-01,14.13
user_4823,2025-06-28,2.39
user_4823,2025-06-26,1.85
user_2063,2025-06-12,2.13
user_4347,2025-05-18,10.55
user_4347,2025-05-19,5.56
user_4347,2025-05-14,2.33
user_4347,2025-05-17,0.0
user_965,2025-05-18,7.77
user_1745,2025-06-13,2.23
user_1745,2025-06-03,14.98
user_1745,2025-06-16,2.55
user_1745,2025-05-29,9.5
user_3322,2025-05-25,1.11
user_3322,2025-05-28,1.9
user_3322,2025-05-24,9.2
user_815,2025-07-01,3.12
user_1160,2025-06-11,0.45
user_1160,2025-06-14,0.18
user_1160,2025-06-11,6.86
user_2641,2025-05-22,4.73
user_410,2025-06-25,0.18
user_410,2025-06-07,0.95
user_3910,2025-05-27,3.19
user_3910,2025-05-30,9.39
user_3910,2025-05-24,2.33
user_1302,2025-06-09,3.89
user_1302,2025-06-06,4.36
user_1302,2025-06-07,7.18
user_1302,2025-06-08,1.81
user_1302,2025-06-12,3.44
user_1302,2025-06-10,1.42
user_4562,2025-05-04,1.97
user_4562,2025-05-17,0.94
user_4782,2025-05-08,0.6
user_1930,2025-06-24,18.99
user_1930,2025-06-25,5.22
user_2873,2025-05-07,3.37
user_2873,2025-05-08,0.3
user_2873,2025-05-07,17.86
user_4397,2025-06-24,12.16
user_2018,2025-05-22,5.57
user_2001,2025-05-21,4.49
user_305,2025-06-27,3.66
user_305,2025-06-26,0.33
user_305,2025-06-29,2.57
user_305,2025-06-24,7.6
user_305,2025-06-24,0.7
user_3695,2025-06-03,7.86
user_3695,2025-05-22,14.99
user_3695,2025-05-15,4.62
user_3695,2025-05-28,1.8
user_1621,2025-06-05,6.67
user_1621,2025-06-08,6.88
user_1237,2025-05-19,3.12
user_222,2025-06-29,1.48
user_222,2025-06-24,0.91
user_1990,2025-06-11,1.53
user_1990,2025-06-11,0.48
user_1990,2025-06-22,1.35
user_1990,2025-06-26,1.66
user_3309,2025-06-17,2.11
user_3309,2025-06-01,1.64
user_3309,2025-06-16,0.59
user_1000,2025-06-24,6.24
user_1000,2025-06-21,0.41
user_1000,2025-06-20,0.28
user_1000,2025-06-26,10.0
user_4635,2025-06-25,5.45
user_4635,2025-06-25,0.2
user_4791,2025-06-23,1.39
user_4791,2025-06-25,5.98
user_1979,2025-06-28,7.33
user_1979,2025-06-30,6.56
user_1979,2025-06-29,5.32
user_2322,2025-06-14,1.42
user_2322,2025-06-07,2.72
user_2322,2025-06-24,1.07
user_2072,2025-05-26,8.48
user_819,2025-06-28,14.8
user_819,2025-07-01,0.75
user_551,2025-06-30,2.89
user_1737,2025-06-09,0.53
user_4992,2025-06-09,0.93
user_4992,2025-05-31,4.95
user_3039,2025-05-24,2.01
user_3039,2025-05-19,4.43
user_275,2025-06-08,2.7
user_275,2025-06-14,5.11
user_2582,2025-06-14,2.07
user_836,2025-05-09,0.55
user_836,2025-05-14,0.49
user_836,2025-05-10,8.28
user_836,2025-05-08,5.15
user_836,2025-05-14,5.69
user_836,2025-05-10,4.37
user_3247,2025-06-14,0.18
user_1834,2025-05-18,6.36
user_4186,2025-06-26,12.58
user_4186,2025-06-29,0.93
user_4186,2025-06-23,0.77
user_4186,2025-06-22,6.15
user_4186,2025-06-21,3.43
user_3761,2025-06-29,0.11
user_2926,2025-06-21,0.86
user_2926,2025-06-20,1.07
user_2263,2025-05-31,6.86
user_2263,2025-05-20,6.22
user_2263,2025-05-16,0.8
user_2263,2025-05-18,2.23
user_503,2025-05-15,2.81
user_503,2025-05-09,2.65
user_4211,2025-06-27,2.63
user_3300,2025-05-19,7.22
user_3300,2025-06-04,6.29
user_3300,2025-05-17,2.35
user_3300,2025-06-19,1.65
user_4214,2025-06-08,2.99
user_4214,2025-06-10,0.12
user_4962,2025-05-03,5.9
user_1281,2025-06-14,6.78
user_1281,2025-05-24,10.46
user_1516,2025-05-11,30.33
user_1516,2025-05-11,0.22
user_1516,2025-05-12,6.71
user_1098,2025-06-28,13.94
user_4597,2025-05-28,7.39
user_4597,2025-05-22,3.14
user_504,2025-05-29,2.05
user_1111,2025-06-25,5.51
user_1111,2025-06-26,5.02
user_1111,2025-06-27,3.01
user_3869,2025-06-29,6.88
user_2310,2025-05-24,2.56
user_2310,2025-05-25,6.66
user_2310,2025-05-23,6.4
user_2310,2025-05-22,4.36
user_1345,2025-06-23,2.28
user_1345,2025-06-10,9.01
user_1105,2025-06-21,8.76
user_1105,2025-06-24,2.68
user_1105,2025-06-30,4.9
user_3,2025-06-18,2.76
user_3651,2025-05-30,9.44
user_3651,2025-05-29,1.55
user_1846,2025-07-01,1.76
user_1846,2025-06-29,2.94
user_1846,2025-06-27,0.67
user_705,2025-06-16,3.64
user_705,2025-06-20,1.14
user_705,2025-06-17,3.23
user_1554,2025-06-24,12.34
user_1926,2025-06-30,9.75
user_3447,2025-05-18,1.34
user_3447,2025-05-11,2.39
user_3447,2025-05-14,3.82
user_3447,2025-05-12,13.29
user_3447,2025-06-17,4.71
user_2740,2025-06-17,0.92
user_2740,2025-06-19,11.23
user_4081,2025-05-09,4.54
user_4081,2025-05-09,18.73
user_4081,2025-05-11,2.04
user_4081,2025-05-29,0.93
user_4759,2025-05-26,0.55
user_4759,2025-05-25,2.39
user_4759,2025-05-25,8.77
user_1982,2025-06-02,0.64
user_1982,2025-05-26,0.77
user_1982,2025-05-20,6.83
user_1982,2025-05-28,2.67
user_1982,2025-05-18,4.09
user_1630,2025-05-26,0.98
user_3173,2025-05-03,4.44
user_975,2025-06-27,2.36
user_975,2025-06-15,8.6
user_4961,2025-06-29,9.49
user_2117,2025-05-23,1.64
user_2117,2025-06-03,11.97
user_2257,2025-05-18,7.83
user_2257,2025-06-17,3.04
user_2257,2025-05-19,1.21
user_186,2025-05-17,0.91
user_186,2025-05-10,12.66
user_4339,2025-05-17,4.78
user_4339,2025-05-19,9.42
user_4339,2025-05-24,0.94
user_4339,2025-05-19,2.83
user_4339,2025-05-18,6.5
user_4339,2025-05-17,4.29
user_3369,2025-06-09,5.21
user_3369,2025-06-11,0.57
user_3369,2025-06-15,13.96
user_3369,2025-06-11,7.3
user_4367,2025-06-04,6.26
user_4367,2025-06-11,5.73
user_4367,2025-06-13,5.09
user_1431,2025-06-12,10.02
user_1431,2025-06-08,1.14
user_829,2025-05-11,2.02
user_829,2025-05-12,8.44
user_829,2025-05-16,4.85
user_3943,2025-06-28,0.19
user_3943,2025-05-26,0.98
user_490,2025-06-14,1.16
user_1713,2025-05-15,5.44
user_1713,2025-05-11,7.05
user_1713,2025-05-10,4.16
user_1713,2025-05-08,2.97
user_1713,2025-05-12,5.94
user_3838,2025-06-05,1.96
user_3838,2025-06-10,0.54
user_3838,2025-06-05,3.59
user_3838,2025-06-05,2.33
user_1772,2025-06-04,0.19
user_2866,2025-05-29,3.72
user_2866,2025-05-21,0.37
user_4644,2025-06-22,2.49
user_4644,2025-06-23,7.97
user_4346,2025-06-04,4.36
user_4346,2025-06-15,8.5
user_4346,2025-06-07,2.07
user_3042,2025-05-30,0.06
user_1066,2025-05-06,1.15
user_438,2025-06-20,0.08
user_438,2025-06-12,15.7
user_438,2025-06-29,2.38
user_1923,2025-06-28,1.06
user_1476,2025-05-30,1.44
user_65,2025-06-30,1.75
user_405,2025-05-21,1.21
user_405,2025-06-08,5.33
user_405,2025-06-08,1.45
user_953,2025-06-04,2.8
user_3491,2025-06-21,2.84
user_3491,2025-06-20,1.02
user_3491,2025-06-20,3.37
user_4104,2025-06-11,0.16
user_4104,2025-06-06,1.36
user_3985,2025-05-11,2.75
user_3985,2025-05-02,0.03
user_3985,2025-05-06,3.34
user_302,2025-06-06,6.54
user_302,2025-06-01,14.2
user_2757,2025-06-14,3.66
user_882,2025-07-01,9.74
user_4851,2025-06-07,10.04
user_2659,2025-06-12,2.99
user_2046,2025-05-30,6.22
user_2046,2025-05-30,1.43
user_2046,2025-06-14,1.47
user_1042,2025-05-20,0.49
user_1042,2025-05-19,1.92
user_1042,2025-05-13,1.53
user_1042,2025-05-14,2.97
user_1174,2025-05-27,11.68
user_1174,2025-06-18,2.5
user_1174,2025-06-07,1.48
user_68,2025-06-28,1.6
user_2517,2025-05-22,0.34
user_2517,2025-05-05,6.38
user_1332,2025-06-04,2.62
user_4254,2025-06-29,3.15
user_4254,2025-06-28,3.6
user_2407,2025-05-20,6.5
user_2407,2025-05-22,0.45
user_2407,2025-05-18,1.87
user_2407,2025-06-11,6.46
user_2407,2025-05-29,0.54
user_4708,2025-06-10,9.33
user_4708,2025-06-05,4.1
user_277,2025-05-07,0.59
user_277,2025-05-08,3.83
user_277,2025-05-16,0.43
user_277,2025-05-04,4.37
user_277,2025-05-04,15.83
user_3671,2025-06-04,4.07
user_3032,2025-05-17,6.83
user_3032,2025-05-11,17.66
user_3032,2025-05-04,3.41
user_3032,2025-05-06,26.68
user_1242,2025-06-17,0.19
user_3764,2025-06-23,10.68
user_2203,2025-06-14,2.57
user_4330,2025-05-14,8.52
user_4330,2025-05-18,0.81
user_4330,2025-05-16,1.18
user_4330,2025-05-13,20.55
user_513,2025-06-29,14.06
user_924,2025-06-24,5.46
user_4578,2025-05-19,3.59
user_4578,2025-05-13,0.81
user_912,2025-05-18,0.79
user_469,2025-07-01,0.61
user_4923,2025-06-19,15.51
user_1253,2025-05-19,0.94
user_1253,2025-05-25,5.39
user_1253,2025-05-19,6.34
user_4209,2025-06-07,0.15
user_4209,2025-06-13,1.03
user_4209,2025-06-23,25.62
user_224,2025-06-06,0.57
user_224,2025-05-29,0.41
user_3592,2025-05-27,2.31
user_1468,2025-06-04,2.13
user_1468,2025-06-10,2.46
user_700,2025-05-18,2.19
user_700,2025-05-08,0.83
user_4139,2025-05-25,4.92
user_2625,2025-05-15,1.37
user_4783,2025-05-31,18.2
user_2484,2025-06-09,4.54
user_1495,2025-05-08,4.95
user_1495,2025-05-08,3.34
user_1495,2025-05-09,0.68
user_3602,2025-06-17,1.19
user_3763,2025-05-19,9.93
user_4594,2025-06-28,9.93
user_4701,2025-06-09,10.88
user_4701,2025-06-06,2.63
user_4200,2025-05-16,7.73
user_4200,2025-05-22,0.88
user_1032,2025-05-18,0.95
user_1032,2025-05-15,3.18
user_4682,2025-05-15,1.15
user_4682,2025-05-22,5.14
user_4682,2025-05-11,4.25
user_4682,2025-05-11,2.3
user_4682,2025-05-26,0.54
user_597,2025-06-01,1.53
user_597,2025-05-29,1.03
user_2712,2025-06-26,2.87
user_2712,2025-06-29,2.02
user_1770,2025-06-25,4.23
user_1770,2025-06-25,0.63
user_87,2025-06-10,0.56
user_194,2025-06-03,2.08
user_194,2025-06-12,5.25
user_194,2025-06-19,3.3
user_194,2025-06-12,7.0
user_194,2025-06-03,1.37
user_4727,2025-05-13,3.16
user_1002,2025-05-25,0.12
user_1388,2025-06-25,0.33
user_1388,2025-06-29,14.2
user_3346,2025-06-03,12.86
user_3346,2025-06-10,19.09
user_98,2025-05-28,9.88
user_364,2025-06-30,4.5
user_835,2025-06-11,1.34
user_835,2025-06-08,4.97
user_835,2025-06-07,4.36
user_550,2025-07-01,1.96
user_1421,2025-05-20,14.22
user_1421,2025-06-03,5.02
user_1421,2025-06-04,3.2
user_1421,2025-05-25,0.48
user_765,2025-05-15,7.1
user_765,2025-05-18,4.91
user_765,2025-05-14,3.2
user_3663,2025-05-20,2.19
user_3663,2025-05-16,6.14
user_4671,2025-06-12,2.15
user_1020,2025-05-27,0.58
user_1020,2025-05-29,15.85
user_4510,2025-05-07,12.47
user_4510,2025-05-06,14.08
user_4510,2025-05-14,0.71
user_1914,2025-06-18,15.66
user_4624,2025-06-01,0.19
user_553,2025-06-28,2.71
user_553,2025-07-01,0.81
user_1955,2025-06-14,10.14
user_3245,2025-06-14,0.97
user_3245,2025-06-17,2.3
user_3245,2025-06-18,5.24
user_3245,2025-07-01,8.39
user_3102,2025-06-10,2.14
user_3102,2025-06-15,0.99
user_3102,2025-06-14,14.51
user_1178,2025-06-16,8.42
user_1178,2025-06-17,5.85
user_2925,2025-06-12,4.69
user_2925,2025-06-12,2.57
user_2925,2025-06-18,3.55
user_4998,2025-06-07,3.55
user_4998,2025-05-31,7.07
user_45,2025-05-21,6.04
user_45,2025-05-21,6.37
user_45,2025-05-21,2.4
user_3972,2025-06-09,9.59
user_4108,2025-06-15,5.26
user_2442,2025-05-13,0.38
user_2442,2025-05-06,5.17
user_417,2025-06-11,2.18
user_417,2025-06-08,4.51
user_2568,2025-05-10,0.36
user_1404,2025-05-21,0.94
user_1404,2025-05-23,3.94
user_1404,2025-05-18,2.02
user_4673,2025-06-18,0.37
user_4673,2025-06-30,3.27
user_4673,2025-06-21,4.25
user_3833,2025-06-17,2.71
user_3833,2025-06-17,9.4
user_3833,2025-06-17,7.26
user_3833,2025-06-26,0.19
user_1829,2025-06-04,2.0
user_3377,2025-06-01,25.19
user_3169,2025-05-16,8.72
user_3169,2025-05-18,2.38
user_3169,2025-05-20,9.12
user_3378,2025-05-28,3.25
user_3378,2025-05-29,5.56
user_3111,2025-05-06,0.85
user_2818,2025-05-17,1.36
user_2818,2025-05-13,9.07
user_2818,2025-05-15,4.8
user_957,2025-06-19,0.16
user_957,2025-06-30,1.12
user_957,2025-06-21,8.0
user_957,2025-06-21,6.77
user_1238,2025-06-08,0.39
user_1238,2025-06-16,7.92
user_1238,2025-06-13,0.68
user_1238,2025-06-08,3.45
user_3756,2025-06-12,6.86
user_4469,2025-05-09,8.83
user_1819,2025-06-07,0.11
user_1819,2025-06-21,2.29
user_1420,2025-05-26,13.89
user_1420,2025-05-28,3.42
user_4165,2025-05-21,0.15
user_4165,2025-06-07,0.9
user_4165,2025-05-21,6.35
user_4896,2025-06-13,4.2
user_4896,2025-06-03,2.89
user_4965,2025-06-02,0.54
user_4965,2025-05-13,4.42
user_4965,2025-05-15,3.76
user_768,2025-06-10,0.73
user_768,2025-06-06,4.68
user_2639,2025-05-18,0.39
user_2639,2025-06-03,4.34
user_685,2025-06-07,3.82
user_685,2025-06-09,14.68
user_4956,2025-06-03,2.11
user_4956,2025-06-12,3.5
user_4956,2025-06-08,8.56
user_4956,2025-06-04,7.99
user_4628,2025-06-25,3.64
user_4628,2025-06-25,0.5
user_4475,2025-05-28,11.67
user_3728,2025-06-09,6.67
user_3728,2025-06-09,8.6
user_3893,2025-06-27,18.57
user_2689,2025-06-24,5.16
user_460,2025-06-03,8.59
user_2360,2025-05-27,9.69
user_2360,2025-05-23,3.19
user_2360,2025-05-24,8.94
user_3162,2025-07-01,3.7
user_3162,2025-07-01,3.97
user_3162,2025-07-01,0.96
user_2706,2025-05-08,0.33
user_2706,2025-05-05,1.55
user_2706,2025-05-07,12.16
user_2706,2025-05-05,2.66
user_576,2025-06-01,7.01
user_576,2025-06-07,2.42
user_576,2025-06-05,6.14
user_1543,2025-05-05,5.2
user_1543,2025-05-11,3.92
user_980,2025-06-23,4.2
user_980,2025-06-26,8.19
user_1738,2025-05-24,0.72
user_1738,2025-05-27,2.45
user_1738,2025-05-23,9.45
user_3981,2025-05-03,1.95
user_4754,2025-06-12,0.84
user_4754,2025-06-11,16.96
user_4754,2025-06-12,6.18
user_3320,2025-05-02,1.0
user_3320,2025-05-05,4.27
user_205,2025-06-16,8.34
user_1380,2025-06-18,0.37
user_4999,2025-06-08,3.12
user_4999,2025-05-19,2.43
user_4999,2025-05-24,4.26
user_478,2025-06-11,3.87
user_4844,2025-05-30,0.02
user_4844,2025-06-01,1.67
user_4844,2025-06-05,0.6
user_2788,2025-06-26,8.24
user_2788,2025-06-26,6.75
user_4781,2025-05-29,6.38
user_4781,2025-06-14,3.72
user_3468,2025-05-09,7.46
user_3468,2025-05-21,3.26
user_3468,2025-05-24,6.93
user_579,2025-06-20,2.53
user_579,2025-06-23,3.38
user_579,2025-06-16,0.9
user_579,2025-06-23,1.32
user_1810,2025-06-01,0.53
user_1810,2025-05-27,13.06
user_198,2025-06-30,0.32
user_1618,2025-06-17,0.13
user_1618,2025-06-16,0.58
user_1618,2025-06-13,4.09
user_1618,2025-06-28,0.64
user_1258,2025-06-10,16.7
user_1782,2025-06-03,0.85
user_1782,2025-06-05,2.18
user_263,2025-06-05,7.98
user_263,2025-06-05,4.56
user_263,2025-06-01,2.08
user_3962,2025-06-05,5.89
user_571,2025-05-08,2.69
user_1170,2025-06-16,1.45
user_1170,2025-06-16,2.45
user_1170,2025-06-15,1.83
user_1170,2025-06-29,5.43
user_1170,2025-06-21,2.05
user_4258,2025-06-22,5.16
user_4258,2025-06-15,2.03
user_827,2025-06-26,1.54
user_1765,2025-06-01,1.29
user_1765,2025-05-09,10.7
user_1765,2025-05-12,14.48
user_911,2025-05-25,3.68
user_384,2025-05-25,5.26
user_1560,2025-05-13,8.25
user_4489,2025-06-15,1.43
user_4489,2025-06-29,0.03
user_1375,2025-06-10,0.5
user_373,2025-06-06,10.35
user_373,2025-06-02,0.79
user_373,2025-06-21,3.45
user_1473,2025-06-07,2.36
user_723,2025-05-13,0.88
user_723,2025-05-12,0.19
user_723,2025-05-16,0.1
user_723,2025-05-16,4.63
user_723,2025-05-21,0.93
user_723,2025-05-17,0.94
user_3820,2025-05-14,6.43
user_313,2025-06-23,5.24
user_313,2025-06-24,8.25
user_2614,2025-06-21,4.43
user_2614,2025-06-28,10.15
user_3694,2025-06-27,8.58
user_3694,2025-06-30,2.91
user_1471,2025-06-07,5.04
user_1471,2025-05-31,1.34
user_3058,2025-05-22,15.26
user_4869,2025-06-23,0.51
user_4869,2025-06-19,14.0
user_4869,2025-06-18,4.59
user_1298,2025-05-08,7.45
user_1197,2025-06-30,1.81
user_1212,2025-06-30,3.78
user_2886,2025-06-04,4.87
user_2886,2025-05-26,6.9
user_2886,2025-06-11,2.7
user_3483,2025-05-10,1.13
user_2392,2025-06-05,1.12
user_2392,2025-06-01,1.36
user_2392,2025-05-24,0.06
user_2392,2025-05-28,7.2
user_1510,2025-06-23,7.78
user_2292,2025-06-01,2.11
user_2292,2025-05-30,2.46
user_2292,2025-06-12,2.42
user_1946,2025-05-14,1.54
user_1946,2025-05-06,5.35
user_1946,2025-05-07,5.36
user_2042,2025-06-23,0.4
user_3502,2025-06-28,10.14
user_2580,2025-05-24,9.69
user_1334,2025-05-06,2.32
user_1334,2025-05-05,7.58
user_1334,2025-05-04,0.71
user_2566,2025-06-05,13.75
user_2566,2025-06-20,12.22
user_2566,2025-06-05,1.4
user_2566,2025-06-17,1.94
user_2749,2025-06-27,2.24
user_2749,2025-06-25,3.89
user_2749,2025-06-29,2.65
user_2102,2025-06-02,3.37
user_2102,2025-05-24,0.27
user_2102,2025-05-16,6.33
user_3456,2025-06-19,0.26
user_3456,2025-06-19,3.87
user_1632,2025-05-25,3.33
user_598,2025-06-13,1.1
user_2738,2025-05-02,0.3
user_2738,2025-05-08,1.43
user_2738,2025-05-07,3.2
user_2738,2025-05-13,7.59
user_2738,2025-05-12,8.17
user_625,2025-05-22,19.0
user_625,2025-06-16,5.82
user_625,2025-06-25,4.71
user_2978,2025-05-25,6.21
user_667,2025-06-09,3.16
user_1520,2025-05-14,1.43
user_84,2025-05-23,9.01
user_84,2025-05-18,14.66
user_84,2025-06-07,3.44
user_84,2025-05-26,6.97
user_84,2025-05-17,7.42
user_3376,2025-05-08,8.35
user_3376,2025-05-15,1.38
user_3848,2025-05-18,0.43
user_3848,2025-05-16,3.73
user_3848,2025-05-14,1.92
user_1077,2025-05-27,0.26
user_1077,2025-05-23,16.72
user_1999,2025-06-17,14.81
user_1999,2025-06-17,3.19
user_1999,2025-06-30,0.6
user_934,2025-05-03,3.39
user_2061,2025-05-11,6.42
user_2061,2025-05-12,3.23
user_2061,2025-05-20,12.88
user_2061,2025-05-10,12.76
user_4515,2025-05-28,0.29
user_4515,2025-06-20,3.07
user_3896,2025-05-30,0.84
user_3896,2025-05-25,1.93
user_3896,2025-05-28,7.44
user_3896,2025-05-28,5.86
user_3896,2025-05-25,18.22
user_4137,2025-06-04,5.03
user_4137,2025-06-15,7.47
user_4137,2025-06-03,2.05
user_3703,2025-05-20,8.74
user_3797,2025-06-16,4.95
user_3797,2025-06-17,0.9
user_3797,2025-07-01,6.42
user_3797,2025-06-16,11.73
user_903,2025-05-10,0.76
user_903,2025-05-08,1.09
user_903,2025-05-06,5.48
user_903,2025-05-06,0.35
user_903,2025-05-06,0.55
user_3654,2025-06-19,0.37
user_3654,2025-06-13,1.36
user_549,2025-06-30,2.76
user_549,2025-06-28,6.28
user_549,2025-06-28,0.56
user_3906,2025-06-02,0.11
user_3906,2025-05-18,0.16
user_3459,2025-06-10,1.06
user_3459,2025-06-11,17.91
user_2891,2025-06-04,2.39
user_4667,2025-06-30,0.87
user_4667,2025-06-28,4.23
user_4667,2025-06-29,8.5
user_4374,2025-06-18,0.38
user_4374,2025-06-24,7.75
user_1821,2025-05-12,3.69
user_4740,2025-05-12,1.38
user_4740,2025-05-04,5.4
user_4740,2025-05-09,9.71
user_4740,2025-05-05,0.65
user_661,2025-05-11,9.44
user_661,2025-05-10,5.31
user_661,2025-05-24,12.76
user_4762,2025-05-14,6.69
user_580,2025-06-29,8.56
user_281,2025-06-26,2.39
user_281,2025-06-25,0.84
user_4674,2025-06-15,16.25
user_3825,2025-06-20,0.21
user_3317,2025-06-01,4.4
user_3317,2025-05-31,0.05
user_643,2025-06-18,0.39
user_643,2025-06-18,1.84
user_4168,2025-05-27,12.45
user_4168,2025-05-27,7.71
user_4168,2025-05-29,10.83
user_1837,2025-06-22,0.67
user_35,2025-06-30,3.88
user_35,2025-06-30,7.67
user_1619,2025-05-22,2.38
user_1619,2025-05-27,2.97
user_1619,2025-05-24,4.74
user_3786,2025-06-01,1.82
user_3786,2025-05-22,15.53
user_2036,2025-06-05,5.28
user_2036,2025-06-10,0.19
user_854,2025-05-01,8.22
user_3462,2025-05-26,6.17
user_3319,2025-07-01,16.47
user_2156,2025-05-26,0.71
user_2156,2025-05-25,11.84
user_2701,2025-05-11,0.44
user_3895,2025-06-19,2.25
user_3895,2025-06-23,7.31
user_3196,2025-06-11,5.77
user_3196,2025-06-09,10.05
user_4507,2025-06-08,1.7
user_2288,2025-06-04,2.33
user_3021,2025-06-29,0.86
user_3021,2025-06-29,1.91
user_3021,2025-06-28,6.59
user_3048,2025-05-05,2.67
user_1998,2025-06-29,0.55
user_4976,2025-06-25,1.8
user_4955,2025-06-24,2.94
user_4955,2025-06-29,1.61
user_4955,2025-06-28,8.77
user_4955,2025-06-24,5.09
user_3211,2025-06-24,0.11
user_3211,2025-06-17,0.47
user_3211,2025-06-16,6.11
user_3211,2025-06-16,0.01
user_3093,2025-05-19,16.16
user_4631,2025-06-02,17.05
user_4631,2025-06-03,5.33
user_3432,2025-06-09,22.79
user_3432,2025-06-17,1.93
user_3432,2025-06-21,5.49
user_3432,2025-06-13,5.49
user_3432,2025-06-16,15.96
user_726,2025-06-03,2.06
user_726,2025-06-04,6.74
user_726,2025-06-04,9.38
user_3494,2025-06-18,0.48
user_346,2025-06-08,6.56
user_346,2025-05-08,1.96
user_4689,2025-06-24,3.65
user_3168,2025-05-20,3.6
user_3168,2025-05-25,5.14
user_614,2025-07-01,0.24
user_614,2025-06-24,5.95
user_810,2025-06-26,10.71
user_2849,2025-06-05,5.31
user_2849,2025-06-10,8.87
user_2635,2025-06-30,8.6
user_1965,2025-06-12,1.43
user_1965,2025-06-05,0.17
user_1965,2025-06-05,1.49
user_1965,2025-05-31,4.36
user_1965,2025-05-27,0.8
user_2029,2025-06-04,2.19
user_4846,2025-06-19,4.81
user_4846,2025-06-21,6.98
user_2528,2025-05-16,0.79
user_1061,2025-06-27,0.7
